{"stats":{"minecraft:picked_up":{"minecraft:coarse_dirt":6,"minecraft:crafting_table":4,"minecraft:packed_ice":4,"ars_nouveau:blue_archwood_sapling":3,"minecraft:iron_leggings":1,"minecraft:white_carpet":4,"minecraft:blackstone":2,"minecraft:red_sand":1,"minecraft:spruce_planks":3,"minecraft:beef":7,"minecraft:spruce_slab":2,"minecraft:coal_block":19,"minecraft:furnace":4,"minecraft:stick":15,"minecraft:raw_iron":1,"ars_nouveau:blue_archwood_log":54,"ars_nouveau:frostaya_pod":1,"minecraft:brown_carpet":2,"minecraft:rotten_flesh":2,"minecraft:green_wool":1,"ars_nouveau:sourceberry_bush":22,"minecraft:mutton":11,"minecraft:white_wool":8,"minecraft:cobblestone":22,"minecraft:leather":2,"minecraft:birch_planks":2,"minecraft:filled_map":1,"minecraft:oak_log":28,"minecraft:cobblestone_stairs":2,"minecraft:dirt":1,"minecraft:cooked_mutton":2,"minecraft:apple":1,"minecraft:wheat_seeds":1,"minecraft:grindstone":1,"minecraft:polished_andesite_slab":1,"minecraft:oak_planks":25,"minecraft:book":3,"quark:light_gray_shard":6,"minecraft:smooth_basalt":1,"quark:white_shard":3,"minecraft:jungle_planks":3,"minecraft:sand":2,"minecraft:blast_furnace":1,"minecraft:white_bed":1,"minecraft:spruce_log":6,"minecraft:dark_prismarine":4,"minecraft:oak_wood":2,"minecraft:purple_bed":1,"minecraft:painting":1,"minecraft:bread":24,"minecraft:oak_sapling":19,"minecraft:light_gray_carpet":1,"minecraft:dark_oak_wood":1,"minecraft:coal":12},"minecraft:mined":{"minecraft:dark_prismarine":5,"minecraft:spruce_planks":4,"minecraft:cobblestone_stairs":1,"minecraft:red_sand":1,"minecraft:grass_block":1,"minecraft:spruce_fence":1,"minecraft:jungle_planks":4,"minecraft:white_stained_glass":1,"minecraft:coal_block":19,"minecraft:polished_andesite_slab":1,"ars_nouveau:sourceberry_bush":8,"minecraft:spawner":1,"minecraft:furnace":4,"minecraft:fire":5,"treechop:chopped_log":8,"minecraft:bookshelf":1,"minecraft:deepslate_iron_ore":1,"minecraft:spruce_wood":1,"minecraft:stone":17,"minecraft:spruce_slab":2,"minecraft:light_gray_carpet":1,"minecraft:blackstone":2,"minecraft:brown_carpet":2,"minecraft:powder_snow":5,"minecraft:crafting_table":4,"minecraft:dark_oak_wood":1,"minecraft:blast_furnace":1,"minecraft:oak_wood":1,"minecraft:cobblestone":6,"minecraft:grindstone":1,"minecraft:oak_planks":24,"minecraft:birch_planks":3,"minecraft:purple_bed":1,"minecraft:coarse_dirt":6,"ars_nouveau:blue_archwood_log":1,"minecraft:light_gray_stained_glass":2,"minecraft:ice":6,"minecraft:blue_ice":8,"minecraft:white_carpet":7,"minecraft:grass":1,"minecraft:coal_ore":7,"minecraft:oak_log":1,"minecraft:sand":2,"minecraft:dirt":3,"minecraft:smooth_basalt":1},"minecraft:killed":{"minecraft:husk":6,"minecraft:sheep":8,"minecraft:cow":3},"minecraft:dropped":{"minecraft:enchanted_book":3,"minecraft:wheat_seeds":1,"minecraft:tnt":1,"minecraft:iron_helmet":2,"minecraft:cobblestone":1,"minecraft:cobblestone_stairs":2,"minecraft:emerald":1,"minecraft:dirt":1,"ars_nouveau:worn_notebook":1,"minecraft:iron_leggings":2,"minecraft:white_wool":2,"minecraft:green_wool":1,"minecraft:polished_andesite_slab":1,"minecraft:coarse_dirt":2,"minecraft:raw_iron":1,"minecraft:white_carpet":4,"minecraft:oak_planks":7,"minecraft:light_gray_carpet":1,"quark:white_shard":3,"minecraft:white_bed":1,"minecraft:filled_map":2,"minecraft:oak_sapling":11,"minecraft:brown_carpet":2,"minecraft:painting":1,"minecraft:spruce_slab":2,"minecraft:red_sand":1,"minecraft:wooden_pickaxe":1,"minecraft:dark_prismarine":4},"minecraft:killed_by":{"minecraft:creeper":1,"minecraft:skeleton":1},"minecraft:crafted":{"minecraft:oak_planks":112,"ars_nouveau:archwood_planks":12,"minecraft:cooked_mutton":9,"minecraft:stone_pickaxe":1,"minecraft:crafting_table":1,"minecraft:wooden_pickaxe":2,"minecraft:stone_axe":1,"minecraft:air":0,"minecraft:oak_boat":1,"minecraft:stick":8,"minecraft:white_bed":2,"minecraft:torch":8},"minecraft:custom":{"minecraft:mob_kills":17,"minecraft:interact_with_crafting_table":12,"minecraft:open_barrel":10,"minecraft:leave_game":1,"minecraft:time_since_death":5422,"minecraft:climb_one_cm":2082,"minecraft:sprint_one_cm":150178,"minecraft:walk_one_cm":273228,"minecraft:drop":39,"minecraft:talked_to_villager":1,"minecraft:play_time":64970,"minecraft:deaths":3,"minecraft:sneak_time":5392,"minecraft:walk_under_water_one_cm":17355,"minecraft:boat_one_cm":118764,"minecraft:jump":1067,"minecraft:walk_on_water_one_cm":22426,"minecraft:total_world_time":64970,"minecraft:interact_with_furnace":9,"minecraft:sleep_in_bed":3,"minecraft:time_since_rest":5460,"minecraft:damage_taken":1613,"minecraft:damage_dealt":3449,"minecraft:swim_one_cm":6442,"minecraft:fly_one_cm":227147,"minecraft:open_chest":10,"minecraft:crouch_one_cm":13144,"minecraft:fall_one_cm":19998},"minecraft:used":{"minecraft:iron_sword":58,"minecraft:iron_chestplate":1,"minecraft:torch":8,"minecraft:jungle_planks":3,"minecraft:smooth_basalt":1,"minecraft:beef":2,"minecraft:oak_sapling":1,"minecraft:furnace":1,"ars_nouveau:sourceberry_bush":1,"minecraft:cooked_mutton":3,"minecraft:stone_pickaxe":63,"minecraft:oak_planks":68,"minecraft:blackstone":2,"minecraft:wooden_pickaxe":15,"minecraft:sand":2,"minecraft:crafting_table":4,"ars_nouveau:archwood_planks":5,"minecraft:netherite_helmet":1,"minecraft:white_bed":2,"minecraft:painting":3,"minecraft:bread":13,"minecraft:stone_axe":104,"minecraft:oak_boat":1,"minecraft:coarse_dirt":4}},"DataVersion":3465}