{"stats":{"minecraft:dropped":{"minecraft:coarse_dirt":2,"minecraft:cobblestone":1,"minecraft:white_bed":1,"minecraft:cobblestone_stairs":2,"ars_nouveau:worn_notebook":1,"minecraft:oak_sapling":11,"minecraft:red_sand":1,"minecraft:wooden_pickaxe":1,"minecraft:green_wool":1},"minecraft:used":{"minecraft:cooked_mutton":2,"minecraft:stone_pickaxe":21,"minecraft:oak_planks":3,"minecraft:wooden_pickaxe":15,"minecraft:sand":2,"minecraft:crafting_table":4,"minecraft:white_bed":1,"minecraft:smooth_basalt":1,"minecraft:stone_axe":59,"minecraft:beef":2,"minecraft:oak_sapling":1,"minecraft:furnace":1,"minecraft:oak_boat":1,"minecraft:coarse_dirt":4},"minecraft:crafted":{"minecraft:oak_planks":112,"minecraft:crafting_table":1,"minecraft:wooden_pickaxe":2,"minecraft:stone_axe":1,"minecraft:cooked_mutton":9,"minecraft:air":0,"minecraft:oak_boat":1,"minecraft:stick":8,"minecraft:stone_pickaxe":1,"minecraft:white_bed":2},"minecraft:picked_up":{"minecraft:coarse_dirt":6,"minecraft:crafting_table":4,"minecraft:leather":2,"ars_nouveau:blue_archwood_sapling":3,"minecraft:oak_log":28,"minecraft:cobblestone_stairs":2,"minecraft:cooked_mutton":2,"minecraft:apple":1,"minecraft:red_sand":1,"minecraft:beef":7,"minecraft:furnace":2,"minecraft:stick":15,"minecraft:raw_iron":1,"minecraft:smooth_basalt":1,"ars_nouveau:blue_archwood_log":54,"minecraft:sand":2,"ars_nouveau:frostaya_pod":1,"minecraft:white_bed":1,"minecraft:spruce_log":6,"minecraft:rotten_flesh":2,"minecraft:green_wool":1,"minecraft:bread":24,"ars_nouveau:sourceberry_bush":11,"minecraft:oak_sapling":19,"minecraft:mutton":11,"minecraft:coal":12,"minecraft:white_wool":8,"minecraft:cobblestone":22},"minecraft:killed":{"minecraft:sheep":8,"minecraft:cow":3},"minecraft:custom":{"minecraft:interact_with_furnace":8,"minecraft:mob_kills":11,"minecraft:interact_with_crafting_table":12,"minecraft:open_barrel":5,"minecraft:time_since_death":20527,"minecraft:sleep_in_bed":1,"minecraft:climb_one_cm":68,"minecraft:time_since_rest":5883,"minecraft:sprint_one_cm":56038,"minecraft:damage_taken":580,"minecraft:walk_one_cm":104703,"minecraft:drop":12,"minecraft:damage_dealt":960,"minecraft:swim_one_cm":6109,"minecraft:talked_to_villager":1,"minecraft:fly_one_cm":87023,"minecraft:crouch_one_cm":2601,"minecraft:play_time":29771,"minecraft:deaths":1,"minecraft:sneak_time":1315,"minecraft:walk_under_water_one_cm":11289,"minecraft:boat_one_cm":21677,"minecraft:jump":426,"minecraft:walk_on_water_one_cm":12393,"minecraft:total_world_time":29771,"minecraft:fall_one_cm":5208},"minecraft:mined":{"minecraft:cobblestone_stairs":1,"minecraft:crafting_table":4,"minecraft:red_sand":1,"minecraft:cobblestone":6,"ars_nouveau:sourceberry_bush":4,"minecraft:spawner":1,"minecraft:coarse_dirt":6,"ars_nouveau:blue_archwood_log":1,"minecraft:furnace":2,"treechop:chopped_log":8,"minecraft:grass":1,"minecraft:oak_log":1,"minecraft:coal_ore":7,"minecraft:deepslate_iron_ore":1,"minecraft:sand":2,"minecraft:smooth_basalt":1,"minecraft:stone":16},"minecraft:killed_by":{"minecraft:creeper":1}},"DataVersion":3465}