{"stats":{"minecraft:dropped":{"ars_nouveau:worn_notebook":1,"minecraft:coarse_dirt":2,"minecraft:oak_sapling":8,"minecraft:red_sand":1,"minecraft:green_wool":1},"minecraft:used":{"minecraft:wooden_pickaxe":8,"minecraft:smooth_basalt":1,"minecraft:sand":2,"minecraft:crafting_table":1,"minecraft:coarse_dirt":4},"minecraft:crafted":{"minecraft:oak_planks":88,"minecraft:crafting_table":1,"minecraft:wooden_pickaxe":2},"minecraft:picked_up":{"minecraft:stick":9,"minecraft:coarse_dirt":6,"minecraft:smooth_basalt":1,"minecraft:sand":2,"minecraft:oak_log":22,"minecraft:red_sand":1,"minecraft:green_wool":1,"ars_nouveau:sourceberry_bush":11,"minecraft:oak_sapling":15,"minecraft:cobblestone":6},"minecraft:custom":{"minecraft:time_since_rest":2615,"minecraft:sprint_one_cm":11245,"minecraft:damage_taken":460,"minecraft:walk_one_cm":33273,"minecraft:drop":6,"minecraft:interact_with_crafting_table":3,"minecraft:talked_to_villager":1,"minecraft:swim_one_cm":3478,"minecraft:fly_one_cm":7908,"minecraft:open_barrel":3,"minecraft:crouch_one_cm":803,"minecraft:play_time":11771,"minecraft:deaths":1,"minecraft:sneak_time":441,"minecraft:walk_under_water_one_cm":2132,"minecraft:jump":77,"minecraft:time_since_death":2527,"minecraft:walk_on_water_one_cm":3834,"minecraft:total_world_time":11771,"minecraft:fall_one_cm":1231},"minecraft:mined":{"minecraft:coarse_dirt":6,"treechop:chopped_log":4,"minecraft:grass":1,"minecraft:red_sand":1,"minecraft:oak_log":1,"minecraft:sand":2,"minecraft:smooth_basalt":1,"ars_nouveau:sourceberry_bush":4,"minecraft:stone":7},"minecraft:killed_by":{"minecraft:creeper":1}},"DataVersion":3465}