{"stats":{"minecraft:mined":{"minecraft:dark_prismarine":5,"minecraft:light_gray_carpet":1,"minecraft:spruce_planks":4,"minecraft:blackstone":2,"minecraft:cobblestone_stairs":1,"minecraft:crafting_table":4,"minecraft:dark_oak_wood":1,"minecraft:spruce_fence":1,"minecraft:red_sand":1,"minecraft:oak_wood":1,"minecraft:grass_block":1,"minecraft:jungle_planks":4,"minecraft:polished_andesite_slab":1,"minecraft:cobblestone":6,"ars_nouveau:sourceberry_bush":8,"minecraft:oak_planks":15,"minecraft:spawner":1,"minecraft:birch_planks":3,"minecraft:coarse_dirt":6,"ars_nouveau:blue_archwood_log":1,"minecraft:furnace":3,"minecraft:blue_ice":7,"minecraft:ice":1,"minecraft:white_carpet":7,"treechop:chopped_log":8,"minecraft:grass":1,"minecraft:oak_log":1,"minecraft:coal_ore":7,"minecraft:deepslate_iron_ore":1,"minecraft:sand":2,"minecraft:smooth_basalt":1,"minecraft:stone":16},"minecraft:dropped":{"minecraft:polished_andesite_slab":1,"minecraft:coarse_dirt":2,"minecraft:white_carpet":4,"minecraft:cobblestone":1,"minecraft:light_gray_carpet":1,"minecraft:white_bed":1,"minecraft:cobblestone_stairs":2,"minecraft:filled_map":1,"minecraft:dirt":1,"ars_nouveau:worn_notebook":1,"minecraft:oak_sapling":11,"minecraft:iron_leggings":2,"minecraft:red_sand":1,"minecraft:wooden_pickaxe":1,"minecraft:dark_prismarine":4,"minecraft:green_wool":1},"minecraft:picked_up":{"minecraft:crafting_table":4,"minecraft:coarse_dirt":6,"minecraft:leather":2,"minecraft:packed_ice":4,"minecraft:birch_planks":2,"ars_nouveau:blue_archwood_sapling":3,"minecraft:oak_log":28,"minecraft:cobblestone_stairs":2,"minecraft:dirt":1,"minecraft:cooked_mutton":2,"minecraft:iron_leggings":1,"minecraft:white_carpet":4,"minecraft:blackstone":2,"minecraft:apple":1,"minecraft:red_sand":1,"minecraft:spruce_planks":3,"minecraft:beef":7,"minecraft:polished_andesite_slab":1,"minecraft:oak_planks":17,"minecraft:furnace":3,"minecraft:stick":15,"minecraft:raw_iron":1,"minecraft:smooth_basalt":1,"ars_nouveau:blue_archwood_log":54,"minecraft:jungle_planks":3,"minecraft:sand":2,"ars_nouveau:frostaya_pod":1,"minecraft:white_bed":1,"minecraft:spruce_log":6,"minecraft:dark_prismarine":4,"minecraft:oak_wood":2,"minecraft:rotten_flesh":2,"minecraft:green_wool":1,"minecraft:bread":24,"ars_nouveau:sourceberry_bush":22,"minecraft:oak_sapling":19,"minecraft:light_gray_carpet":1,"minecraft:dark_oak_wood":1,"minecraft:mutton":11,"minecraft:coal":12,"minecraft:white_wool":8,"minecraft:cobblestone":22},"minecraft:custom":{"minecraft:interact_with_furnace":8,"minecraft:mob_kills":11,"minecraft:interact_with_crafting_table":12,"minecraft:open_barrel":6,"minecraft:leave_game":1,"minecraft:time_since_death":5544,"minecraft:sleep_in_bed":3,"minecraft:climb_one_cm":68,"minecraft:time_since_rest":2789,"minecraft:sprint_one_cm":77491,"minecraft:damage_taken":1112,"minecraft:walk_one_cm":141267,"minecraft:drop":21,"minecraft:damage_dealt":998,"minecraft:swim_one_cm":6109,"minecraft:talked_to_villager":1,"minecraft:fly_one_cm":159566,"minecraft:open_chest":3,"minecraft:crouch_one_cm":8434,"minecraft:play_time":41458,"minecraft:deaths":2,"minecraft:sneak_time":3777,"minecraft:walk_under_water_one_cm":12900,"minecraft:boat_one_cm":21677,"minecraft:jump":661,"minecraft:walk_on_water_one_cm":15985,"minecraft:total_world_time":41458,"minecraft:fall_one_cm":9423},"minecraft:killed":{"minecraft:sheep":8,"minecraft:cow":3},"minecraft:killed_by":{"minecraft:skeleton":1,"minecraft:creeper":1},"minecraft:used":{"minecraft:cooked_mutton":3,"minecraft:stone_pickaxe":40,"minecraft:oak_planks":28,"minecraft:blackstone":2,"minecraft:wooden_pickaxe":15,"minecraft:iron_sword":2,"minecraft:torch":5,"minecraft:sand":2,"minecraft:crafting_table":4,"minecraft:jungle_planks":3,"minecraft:white_bed":2,"minecraft:bread":6,"minecraft:smooth_basalt":1,"minecraft:stone_axe":88,"minecraft:beef":2,"minecraft:furnace":1,"minecraft:oak_sapling":1,"ars_nouveau:sourceberry_bush":1,"minecraft:oak_boat":1,"minecraft:coarse_dirt":4},"minecraft:crafted":{"minecraft:oak_planks":112,"minecraft:crafting_table":1,"minecraft:wooden_pickaxe":2,"minecraft:stone_axe":1,"minecraft:cooked_mutton":9,"minecraft:air":0,"minecraft:oak_boat":1,"minecraft:stick":8,"minecraft:stone_pickaxe":1,"minecraft:white_bed":2,"minecraft:torch":8}},"DataVersion":3465}