{"stats":{"minecraft:custom":{"minecraft:open_barrel":2,"minecraft:open_chest":1,"minecraft:time_since_rest":23177,"minecraft:crouch_one_cm":338,"minecraft:play_time":23177,"minecraft:sprint_one_cm":28087,"minecraft:damage_taken":60,"minecraft:walk_one_cm":29320,"minecraft:sneak_time":124,"minecraft:walk_under_water_one_cm":1510,"minecraft:drop":2,"minecraft:jump":144,"minecraft:leave_game":2,"minecraft:time_since_death":23177,"minecraft:walk_on_water_one_cm":5612,"minecraft:total_world_time":23177,"minecraft:swim_one_cm":14323,"minecraft:fall_one_cm":2342,"minecraft:fly_one_cm":19952},"minecraft:mined":{"minecraft:grass":24,"minecraft:grass_block":3,"minecraft:dirt":4,"minecraft:tall_grass":2,"minecraft:sugar_cane":2,"treechop:chopped_log":1,"minecraft:oak_leaves":7},"minecraft:used":{"minecraft:dirt":3,"minecraft:oak_sapling":1,"minecraft:bread":1},"minecraft:crafted":{"minecraft:oak_planks":16},"minecraft:dropped":{"ars_nouveau:worn_notebook":2},"minecraft:picked_up":{"minecraft:stick":2,"minecraft:apple":1,"minecraft:wheat_seeds":2,"ars_nouveau:worn_notebook":1,"minecraft:oak_log":4,"minecraft:oak_sapling":1,"minecraft:sugar_cane":5,"minecraft:dirt":7}},"DataVersion":3465}