{"stats":{"minecraft:picked_up":{"minecraft:coarse_dirt":6,"minecraft:crafting_table":4,"minecraft:packed_ice":4,"ars_nouveau:blue_archwood_sapling":4,"minecraft:red_nether_bricks":5,"minecraft:iron_leggings":1,"minecraft:white_carpet":4,"minecraft:cyan_carpet":1,"minecraft:blackstone":2,"minecraft:red_sand":1,"minecraft:spruce_planks":3,"minecraft:beef":7,"minecraft:calcite":8,"minecraft:spruce_slab":2,"minecraft:coal_block":19,"minecraft:smooth_quartz_stairs":1,"minecraft:furnace":4,"minecraft:stick":15,"minecraft:raw_iron":1,"minecraft:stripped_mangrove_wood":3,"ars_nouveau:blue_archwood_log":54,"ars_nouveau:frostaya_pod":1,"minecraft:brown_carpet":2,"minecraft:arrow":1,"minecraft:rotten_flesh":9,"minecraft:green_wool":1,"ars_nouveau:sourceberry_bush":22,"minecraft:mutton":11,"minecraft:white_wool":8,"minecraft:cobblestone":22,"minecraft:leather":2,"minecraft:birch_planks":2,"minecraft:filled_map":1,"minecraft:oak_log":28,"minecraft:cobblestone_stairs":2,"minecraft:dirt":1,"minecraft:white_banner":1,"minecraft:cooked_mutton":2,"minecraft:apple":1,"minecraft:wheat_seeds":1,"minecraft:grindstone":1,"minecraft:polished_andesite_slab":1,"minecraft:oak_planks":25,"minecraft:book":27,"quark:light_gray_shard":6,"minecraft:smooth_basalt":1,"quark:white_shard":3,"minecraft:gravel":1,"minecraft:jungle_planks":3,"minecraft:sand":2,"minecraft:blast_furnace":2,"minecraft:nether_brick_slab":4,"minecraft:white_bed":1,"minecraft:spruce_log":6,"minecraft:dark_prismarine":4,"minecraft:oak_wood":2,"minecraft:purple_bed":1,"minecraft:painting":1,"minecraft:bread":24,"minecraft:oak_sapling":19,"minecraft:light_gray_carpet":1,"minecraft:dark_oak_wood":1,"minecraft:coal":12},"minecraft:mined":{"minecraft:dark_prismarine":5,"minecraft:spruce_planks":4,"minecraft:cobblestone_stairs":1,"minecraft:red_nether_bricks":6,"minecraft:ladder":1,"minecraft:red_sand":1,"minecraft:grass_block":1,"minecraft:spruce_fence":1,"minecraft:jungle_planks":4,"minecraft:white_stained_glass":1,"minecraft:coal_block":19,"minecraft:polished_andesite_slab":1,"ars_nouveau:sourceberry_bush":8,"minecraft:spawner":2,"minecraft:black_stained_glass_pane":2,"minecraft:furnace":4,"minecraft:fire":5,"treechop:chopped_log":8,"minecraft:bookshelf":9,"minecraft:vine":1,"minecraft:deepslate_iron_ore":1,"minecraft:smooth_quartz_stairs":2,"minecraft:spruce_wood":1,"minecraft:stripped_mangrove_wood":4,"minecraft:stone":17,"minecraft:spruce_slab":2,"minecraft:light_gray_carpet":1,"minecraft:blackstone":2,"minecraft:brown_carpet":2,"minecraft:powder_snow":5,"minecraft:crafting_table":4,"minecraft:dark_oak_wood":1,"minecraft:blast_furnace":2,"minecraft:oak_wood":1,"minecraft:calcite":10,"minecraft:nether_brick_slab":4,"minecraft:cobblestone":6,"minecraft:grindstone":1,"minecraft:oak_planks":24,"ars_nouveau:blue_archwood_leaves":41,"minecraft:birch_planks":3,"minecraft:purple_bed":1,"minecraft:coarse_dirt":6,"ars_nouveau:blue_archwood_log":1,"minecraft:dark_oak_slab":1,"ars_nouveau:archwood_planks":2,"minecraft:light_gray_stained_glass":2,"minecraft:ice":6,"minecraft:blue_ice":8,"minecraft:white_carpet":7,"minecraft:white_wall_banner":1,"minecraft:grass":1,"minecraft:coal_ore":7,"minecraft:oak_log":1,"minecraft:gravel":1,"minecraft:cyan_carpet":1,"minecraft:sand":2,"minecraft:dirt":3,"minecraft:smooth_basalt":1},"minecraft:killed":{"minecraft:husk":17,"minecraft:sheep":8,"minecraft:cow":3},"minecraft:dropped":{"minecraft:enchanted_book":3,"minecraft:stripped_mangrove_wood":3,"minecraft:wheat_seeds":1,"minecraft:tnt":1,"minecraft:smooth_quartz_stairs":1,"minecraft:iron_helmet":2,"minecraft:cobblestone":1,"minecraft:coal":1,"minecraft:cobblestone_stairs":2,"minecraft:emerald":1,"minecraft:dirt":1,"ars_nouveau:worn_notebook":1,"quark:light_gray_shard":6,"minecraft:iron_leggings":2,"minecraft:white_wool":2,"minecraft:cyan_carpet":1,"minecraft:green_wool":1,"ars_nouveau:blue_archwood_log":2,"minecraft:nether_brick_slab":3,"minecraft:polished_andesite_slab":1,"minecraft:coarse_dirt":2,"ars_nouveau:archwood_planks":4,"minecraft:raw_iron":1,"minecraft:white_carpet":4,"minecraft:rotten_flesh":7,"minecraft:oak_planks":7,"minecraft:light_gray_carpet":1,"quark:white_shard":3,"minecraft:white_bed":1,"minecraft:filled_map":2,"minecraft:oak_sapling":11,"minecraft:brown_carpet":2,"minecraft:painting":1,"minecraft:spruce_slab":2,"minecraft:red_nether_bricks":5,"minecraft:red_sand":1,"minecraft:wooden_pickaxe":1,"minecraft:calcite":8,"minecraft:dark_prismarine":4},"minecraft:broken":{"minecraft:stone_axe":1},"minecraft:killed_by":{"minecraft:creeper":1,"minecraft:skeleton":2},"minecraft:crafted":{"minecraft:oak_planks":112,"minecraft:coal":9,"ars_nouveau:archwood_planks":52,"minecraft:cooked_mutton":9,"minecraft:stone_pickaxe":1,"minecraft:crafting_table":1,"minecraft:wooden_pickaxe":2,"minecraft:stone_axe":1,"minecraft:air":0,"minecraft:oak_boat":1,"minecraft:stick":16,"minecraft:white_bed":2,"minecraft:torch":40},"minecraft:custom":{"minecraft:mob_kills":28,"minecraft:interact_with_crafting_table":12,"minecraft:open_barrel":12,"minecraft:leave_game":1,"minecraft:time_since_death":23657,"minecraft:climb_one_cm":3786,"minecraft:sprint_one_cm":184326,"minecraft:walk_one_cm":326180,"minecraft:drop":55,"minecraft:talked_to_villager":1,"minecraft:play_time":88970,"minecraft:deaths":4,"minecraft:sneak_time":11711,"minecraft:walk_under_water_one_cm":18017,"minecraft:boat_one_cm":118764,"minecraft:jump":1312,"minecraft:walk_on_water_one_cm":28029,"minecraft:total_world_time":88970,"minecraft:interact_with_furnace":9,"minecraft:sleep_in_bed":3,"minecraft:time_since_rest":23730,"minecraft:damage_taken":2064,"minecraft:damage_dealt":7807,"minecraft:swim_one_cm":15806,"minecraft:fly_one_cm":282145,"minecraft:open_chest":12,"minecraft:crouch_one_cm":24920,"minecraft:fall_one_cm":22850},"minecraft:used":{"minecraft:iron_sword":156,"minecraft:iron_chestplate":1,"minecraft:torch":12,"minecraft:jungle_planks":3,"minecraft:smooth_basalt":1,"minecraft:beef":2,"minecraft:oak_sapling":1,"minecraft:furnace":1,"ars_nouveau:sourceberry_bush":1,"minecraft:cooked_mutton":3,"minecraft:stone_pickaxe":91,"minecraft:oak_planks":68,"minecraft:blackstone":2,"minecraft:wooden_pickaxe":15,"minecraft:sand":2,"minecraft:crafting_table":4,"ars_nouveau:archwood_planks":44,"minecraft:netherite_helmet":1,"minecraft:white_bed":2,"minecraft:painting":3,"minecraft:bread":19,"minecraft:stone_axe":118,"minecraft:oak_boat":1,"minecraft:coarse_dirt":4}},"DataVersion":3465}