{"stats":{"minecraft:custom":{"minecraft:jump":9,"minecraft:open_chest":5,"minecraft:time_since_rest":27688,"minecraft:leave_game":1,"minecraft:play_time":27688,"minecraft:sprint_one_cm":3355,"minecraft:time_since_death":27688,"minecraft:walk_one_cm":6540,"minecraft:sneak_time":13,"minecraft:total_world_time":27688,"minecraft:climb_one_cm":924,"minecraft:fly_one_cm":1331},"minecraft:used":{"aquamirae:abyssal_brigantine":1,"aquamirae:abyssal_boots":1,"minecraft:writable_book":1,"aquamirae:abyssal_leggings":1,"aquamirae:abyssal_heaume":1}},"DataVersion":3465}