{"stats":{"minecraft:used":{"minecraft:lingering_potion":9},"minecraft:picked_up":{"minecraft:redstone":4,"minecraft:coal":1},"minecraft:custom":{"minecraft:jump":13,"minecraft:open_chest":1,"minecraft:time_since_rest":23219,"minecraft:interact_with_furnace":3,"minecraft:sprint_one_cm":1335,"minecraft:play_time":23219,"minecraft:time_since_death":23219,"minecraft:walk_one_cm":14012,"minecraft:sneak_time":550,"minecraft:climb_one_cm":642,"minecraft:total_world_time":23219,"minecraft:fly_one_cm":53614,"minecraft:open_barrel":14}},"DataVersion":3465}