{"stats":{"minecraft:killed":{"minecraft:sheep":3,"deep_dark_regrowth:stalker":2,"minecraft:skeleton":1,"deep_dark_regrowth:sculk_parasite":1,"deep_dark_regrowth:annihilator":1,"deep_dark_regrowth:abomination":2,"deep_dark_regrowth:corrupted_skeleton":1,"deep_dark_regrowth:soul_key_awake":1,"minecraft:warden":2,"deep_dark_regrowth:tentacle_lamp":1,"deep_dark_regrowth:corrupted_skeleton_dead":1,"deep_dark_regrowth:spreader":1,"deep_dark_regrowth:observer":1},"minecraft:picked_up":{"minecraft:sculk_catalyst":2,"deep_dark_regrowth:soul_key":1,"deep_dark_regrowth:sculk_remnants":7,"deep_dark_regrowth:mossy_fluorite":22,"ars_nouveau:creative_spell_book":1,"minecraft:dirt":4,"minecraft:iron_axe":1,"minecraft:arrow":2,"minecraft:bone":4,"minecraft:rotten_flesh":1,"minecraft:stone_axe":1,"deep_dark_regrowth:aware_lens":1,"minecraft:wheat_seeds":4,"minecraft:netherite_sword":1,"deep_dark_regrowth:corrupted_matter":2,"deep_dark_regrowth:plasmatic_sculk":3,"deep_dark_regrowth:sculk_bone":1,"minecraft:mutton":4,"deep_dark_regrowth:reinforced_lamp":2,"minecraft:white_wool":4,"deep_dark_regrowth:soul_of_the_depths":2},"minecraft:mined":{"minecraft:grass":9,"minecraft:grass_block":4},"minecraft:used":{"minecraft:warden_spawn_egg":1,"deep_dark_regrowth:corrupted_skeleton_spawn_egg":1,"deep_dark_regrowth:annihilator_spawn_egg":1,"block_of_power:advanced_crafting_table":2,"voidbound:ender_blade":5,"deep_dark_regrowth:stalker_spawn_egg":1,"minecraft:firework_rocket":15,"deep_dark_regrowth:reinforced_lamp":1,"deep_dark_regrowth:observer_spawn_egg":1,"witherstormmod:formidi_blade":4,"deep_dark_regrowth:stalker_statue_spawn_egg":1,"deep_dark_regrowth:spreader_spawn_egg":1,"minecraft:ender_chest":1,"minecraft:zombie_spawn_egg":1,"deep_dark_regrowth:sculk_parasite_spawn_egg":1,"deep_dark_regrowth:tentacle_lamp_spawn_egg":2,"witherstormmod:eye_of_the_storm":147,"minecraft:dirt":4,"minecraft:mutton":1,"deep_dark_regrowth:abomination_spawn_egg":1,"deep_dark_regrowth:soul_key_awake_spawn_egg":1},"minecraft:dropped":{"minecraft:stone_axe":1,"minecraft:wheat_seeds":4,"minecraft:netherite_sword":1,"ars_nouveau:creative_spell_book":1,"minecraft:iron_axe":1,"minecraft:white_wool":1},"minecraft:custom":{"minecraft:time_since_rest":50476,"minecraft:damage_taken":60,"minecraft:sprint_one_cm":112844,"minecraft:open_enderchest":1,"minecraft:walk_one_cm":62866,"minecraft:mob_kills":18,"minecraft:drop":8,"minecraft:damage_dealt":26282,"minecraft:swim_one_cm":7053,"minecraft:fly_one_cm":388169,"minecraft:open_barrel":4,"minecraft:open_chest":1,"minecraft:crouch_one_cm":100,"minecraft:play_time":50476,"minecraft:sneak_time":434,"minecraft:walk_under_water_one_cm":15060,"minecraft:aviate_one_cm":591812,"minecraft:jump":859,"minecraft:leave_game":1,"minecraft:walk_on_water_one_cm":717,"minecraft:time_since_death":50476,"minecraft:total_world_time":50476,"minecraft:fall_one_cm":4185}},"DataVersion":3465}