{"stats":{"minecraft:mined":{"minecraft:dark_prismarine":10,"minecraft:white_bed":2,"minecraft:blackstone":15,"minecraft:crafting_table":2,"minecraft:oak_wood":2,"minecraft:calcite":1,"minecraft:oak_planks":23,"minecraft:hay_block":28,"minecraft:spruce_stairs":1,"minecraft:birch_planks":2,"minecraft:iron_ore":5,"minecraft:blue_ice":2,"minecraft:ice":5,"treechop:chopped_log":6,"minecraft:grass":1,"minecraft:coal_ore":15,"minecraft:packed_ice":2,"minecraft:stone":14,"minecraft:green_wool":2},"minecraft:picked_up":{"ars_nouveau:red_archwood_log":38,"minecraft:crafting_table":2,"minecraft:packed_ice":4,"minecraft:birch_planks":2,"minecraft:filled_map":1,"minecraft:oak_log":25,"minecraft:iron_leggings":1,"minecraft:bone":5,"minecraft:blackstone":15,"minecraft:apple":4,"minecraft:bow":1,"minecraft:spruce_planks":1,"minecraft:iron_ingot":1,"minecraft:calcite":1,"minecraft:oak_planks":20,"minecraft:raw_iron":5,"minecraft:stick":22,"ars_nouveau:red_archwood_sapling":10,"minecraft:white_bed":2,"minecraft:dark_prismarine":14,"minecraft:oak_wood":1,"minecraft:arrow":5,"minecraft:soul_lantern":2,"minecraft:hay_block":28,"minecraft:green_wool":2,"minecraft:emerald":1,"minecraft:oak_sapling":16,"minecraft:coal":15,"minecraft:cobblestone":18},"minecraft:killed":{"minecraft:skeleton":4,"minecraft:zombie":2},"minecraft:dropped":{"minecraft:bread":24,"minecraft:soul_lantern":2,"minecraft:stick":2,"minecraft:packed_ice":8,"minecraft:oak_wood":1,"minecraft:oak_sapling":1,"minecraft:wooden_pickaxe":1,"minecraft:calcite":1,"ars_nouveau:red_archwood_sapling":1,"minecraft:green_wool":2},"minecraft:killed_by":{"minecraft:skeleton":1},"minecraft:crafted":{"minecraft:oak_planks":100,"minecraft:crafting_table":1,"minecraft:wooden_pickaxe":1,"spartanshields:wooden_tower_shield":1,"quark:blackstone_furnace":1,"minecraft:stone_axe":3,"spartanshields:stone_tower_shield":1,"minecraft:bread":81,"minecraft:stick":4,"minecraft:stone_pickaxe":1,"minecraft:torch":60,"minecraft:wheat":243},"minecraft:custom":{"minecraft:interact_with_furnace":2,"minecraft:mob_kills":6,"minecraft:interact_with_crafting_table":7,"minecraft:open_barrel":9,"minecraft:leave_game":1,"minecraft:time_since_death":32983,"minecraft:sleep_in_bed":2,"minecraft:climb_one_cm":947,"minecraft:time_since_rest":14581,"minecraft:sprint_one_cm":138261,"minecraft:damage_taken":1340,"minecraft:walk_one_cm":95463,"minecraft:damage_blocked_by_shield":615,"minecraft:drop":13,"minecraft:damage_dealt":1243,"minecraft:swim_one_cm":10168,"minecraft:fly_one_cm":244934,"minecraft:open_chest":7,"minecraft:crouch_one_cm":5433,"minecraft:play_time":52503,"minecraft:deaths":1,"minecraft:sneak_time":3097,"minecraft:walk_under_water_one_cm":6317,"minecraft:boat_one_cm":119276,"minecraft:jump":886,"minecraft:walk_on_water_one_cm":12043,"minecraft:total_world_time":52503,"minecraft:fall_one_cm":19176},"minecraft:used":{"minecraft:stone_pickaxe":52,"minecraft:baked_potato":2,"minecraft:oak_planks":61,"minecraft:wooden_pickaxe":16,"minecraft:iron_sword":3,"minecraft:torch":5,"minecraft:crafting_table":3,"minecraft:white_bed":2,"spartanshields:stone_tower_shield":11,"minecraft:apple":4,"minecraft:bread":20,"minecraft:stone_axe":103,"minecraft:bow":8,"minecraft:hay_block":1}},"DataVersion":3465}