{"stats":{"minecraft:used":{"deep_dark_regrowth:ghost_jelly":1,"create:wrench":20,"minecraft:oak_planks":45,"deep_dark_regrowth:ghost_jellyfish_spawn_egg":1,"create:creative_motor":1,"deep_dark_regrowth:dungeon":1,"create:mechanical_crafter":17,"deep_dark_regrowth:replicate_spawn_egg":1,"deep_dark_regrowth:chrome_butterfly_spawn_egg":1,"create:depot":1,"deep_dark_regrowth:vault_chest_spawn_egg":1,"minecraft:lingering_potion":9,"minecraft:jukebox":1,"create:large_cogwheel":2},"minecraft:killed":{"deep_dark_regrowth:ghost_jellyfish":1,"deep_dark_regrowth:chrome_butterfly":1,"deep_dark_regrowth:vault_chest":1},"minecraft:picked_up":{"deep_dark_regrowth:ghost_jelly":2,"deep_dark_regrowth:plasma_chunk":9,"create:mechanical_crafter":1,"create:cogwheel":1,"create:wrench":1,"minecraft:redstone":4,"minecraft:silence_armor_trim_smithing_template":1,"create:large_cogwheel":1,"create:creative_motor":1,"minecraft:netherite_ingot":2,"deep_dark_regrowth:dungeon":2,"deep_dark_regrowth:etherium_gem":5,"minecraft:diamond":24,"minecraft:echo_shard":4,"create:depot":1,"deep_dark_regrowth:unbreakability_seal":2,"minecraft:ward_armor_trim_smithing_template":1,"minecraft:gold_ingot":8,"minecraft:coal":1,"deep_dark_regrowth:soul_of_the_depths":2},"minecraft:custom":{"minecraft:time_since_rest":35219,"minecraft:interact_with_furnace":3,"minecraft:sprint_one_cm":3721,"minecraft:walk_one_cm":21126,"minecraft:mob_kills":3,"minecraft:drop":8,"minecraft:damage_dealt":3800,"minecraft:play_record":1,"minecraft:fly_one_cm":69604,"minecraft:open_barrel":14,"minecraft:open_chest":1,"minecraft:play_time":35219,"minecraft:sneak_time":582,"minecraft:jump":45,"minecraft:climb_one_cm":642,"minecraft:time_since_death":35219,"minecraft:total_world_time":35219},"minecraft:dropped":{"create:creative_motor":1,"minecraft:diamond":1,"create:wrench":1,"create:mechanical_crafter":1,"create:depot":1,"create:cogwheel":1,"create:large_cogwheel":1,"minecraft:gold_ingot":1}},"DataVersion":3465}