{"stats":{"minecraft:killed":{"minecraft:zombie":6},"minecraft:custom":{"minecraft:time_since_rest":60980,"minecraft:open_chest":8,"minecraft:crouch_one_cm":257,"minecraft:sprint_one_cm":41807,"minecraft:play_time":60980,"minecraft:walk_one_cm":21418,"minecraft:sneak_time":312,"minecraft:walk_under_water_one_cm":28361,"minecraft:mob_kills":6,"minecraft:drop":1,"minecraft:aviate_one_cm":1234440,"minecraft:jump":130,"minecraft:damage_dealt":223,"minecraft:leave_game":1,"minecraft:time_since_death":60980,"minecraft:walk_on_water_one_cm":4066,"minecraft:climb_one_cm":1115,"minecraft:total_world_time":60980,"minecraft:swim_one_cm":12524,"minecraft:fly_one_cm":74907},"minecraft:dropped":{"minecraft:command_block":1},"minecraft:picked_up":{"immersive_aircraft:biplane":1,"minecraft:command_block":1,"minecraft:rotten_flesh":5,"minecraft:cornflower":1},"minecraft:used":{"immersive_aircraft:cargo_airship":1,"aquamirae:abyssal_brigantine":1,"minecraft:writable_book":1,"minecraft:firework_rocket":31,"aquamirae:abyssal_heaume":1,"immersive_aircraft:airship":2,"aquamirae:abyssal_boots":1,"immersive_aircraft:biplane":3,"minecraft:zombie_spawn_egg":5,"aquamirae:abyssal_leggings":1}},"DataVersion":3465}