{"stats":{"minecraft:dropped":{"ars_nouveau:creative_spell_book":1},"minecraft:used":{"quark:crafter":1,"minecraft:barrel":2},"minecraft:picked_up":{"minecraft:iron_ingot":6,"minecraft:bread":7,"minecraft:emerald":2,"ars_nouveau:creative_spell_book":1},"minecraft:custom":{"minecraft:open_barrel":8,"minecraft:time_since_rest":25092,"minecraft:open_chest":9,"minecraft:sprint_one_cm":12367,"minecraft:play_time":25092,"minecraft:walk_one_cm":21812,"minecraft:sneak_time":972,"minecraft:walk_under_water_one_cm":304,"minecraft:drop":1,"minecraft:jump":111,"minecraft:interact_with_blast_furnace":1,"minecraft:leave_game":6,"minecraft:walk_on_water_one_cm":60,"minecraft:time_since_death":25092,"minecraft:climb_one_cm":2128,"minecraft:total_world_time":25092,"minecraft:talked_to_villager":1,"minecraft:fall_one_cm":627,"minecraft:fly_one_cm":125454}},"DataVersion":3465}