{"stats":{"minecraft:used":{"minecraft:dirt":1,"minecraft:crafting_table":1},"minecraft:picked_up":{"minecraft:spruce_log":2,"minecraft:dirt":1},"minecraft:crafted":{"minecraft:crafting_table":1,"minecraft:spruce_planks":8},"minecraft:mined":{"minecraft:spruce_log":2,"minecraft:spruce_leaves":1,"minecraft:grass_block":1},"minecraft:custom":{"minecraft:jump":124,"minecraft:time_since_rest":8341,"minecraft:leave_game":1,"minecraft:sprint_one_cm":17239,"minecraft:play_time":8341,"minecraft:damage_taken":50,"minecraft:time_since_death":8341,"minecraft:walk_one_cm":7765,"minecraft:total_world_time":8341,"minecraft:interact_with_crafting_table":1,"minecraft:fall_one_cm":5173,"minecraft:fly_one_cm":46614}},"DataVersion":3465}