{"stats":{"minecraft:killed":{"minecraft:sheep":3,"minecraft:skeleton":1,"deep_dark_regrowth:abomination":1,"minecraft:warden":1},"minecraft:picked_up":{"minecraft:sculk_catalyst":1,"deep_dark_regrowth:sculk_remnants":3,"deep_dark_regrowth:mossy_fluorite":8,"ars_nouveau:creative_spell_book":1,"minecraft:dirt":4,"minecraft:iron_axe":1,"minecraft:arrow":2,"minecraft:bone":4,"minecraft:rotten_flesh":1,"minecraft:stone_axe":1,"minecraft:wheat_seeds":4,"minecraft:netherite_sword":1,"minecraft:mutton":4,"minecraft:white_wool":4,"deep_dark_regrowth:soul_of_the_depths":1},"minecraft:mined":{"minecraft:grass":9,"minecraft:grass_block":4},"minecraft:used":{"minecraft:warden_spawn_egg":1,"block_of_power:advanced_crafting_table":2,"voidbound:ender_blade":5,"minecraft:firework_rocket":15,"witherstormmod:formidi_blade":4,"minecraft:ender_chest":1,"minecraft:zombie_spawn_egg":1,"witherstormmod:eye_of_the_storm":62,"minecraft:dirt":4,"minecraft:mutton":1,"deep_dark_regrowth:abomination_spawn_egg":1},"minecraft:dropped":{"minecraft:stone_axe":1,"minecraft:wheat_seeds":4,"minecraft:netherite_sword":1,"ars_nouveau:creative_spell_book":1,"minecraft:iron_axe":1,"minecraft:white_wool":1},"minecraft:custom":{"minecraft:time_since_rest":38476,"minecraft:damage_taken":60,"minecraft:sprint_one_cm":106970,"minecraft:open_enderchest":1,"minecraft:walk_one_cm":42443,"minecraft:mob_kills":6,"minecraft:drop":8,"minecraft:damage_dealt":5747,"minecraft:swim_one_cm":7053,"minecraft:fly_one_cm":382573,"minecraft:open_barrel":4,"minecraft:open_chest":1,"minecraft:crouch_one_cm":16,"minecraft:play_time":38476,"minecraft:sneak_time":398,"minecraft:walk_under_water_one_cm":15060,"minecraft:aviate_one_cm":591812,"minecraft:jump":764,"minecraft:leave_game":1,"minecraft:walk_on_water_one_cm":717,"minecraft:time_since_death":38476,"minecraft:total_world_time":38476,"minecraft:fall_one_cm":3976}},"DataVersion":3465}