{"stats":{"minecraft:dropped":{"ars_nouveau:creative_spell_book":1},"minecraft:used":{"quark:crafter":1},"minecraft:picked_up":{"ars_nouveau:creative_spell_book":1},"minecraft:custom":{"minecraft:jump":97,"minecraft:time_since_rest":9251,"minecraft:sprint_one_cm":9460,"minecraft:leave_game":3,"minecraft:play_time":9251,"minecraft:time_since_death":9251,"minecraft:walk_one_cm":11264,"minecraft:total_world_time":9251,"minecraft:drop":1,"minecraft:fall_one_cm":627,"minecraft:fly_one_cm":31174}},"DataVersion":3465}