{"stats":{"minecraft:mined":{"minecraft:brown_carpet":2,"minecraft:grass_block":1,"minecraft:white_stained_glass":1,"minecraft:large_fern":1,"minecraft:hay_block":5,"minecraft:wheat":110,"treechop:chopped_log":6,"minecraft:grass":1,"variantvanillablocks:spruce_crafting_table":2,"minecraft:stripped_mangrove_wood":2,"minecraft:stone":16,"minecraft:fern":1},"minecraft:crafted":{"variantvanillablocks:spruce_crafting_table":1,"minecraft:spruce_planks":156,"minecraft:wooden_pickaxe":1,"spartanshields:wooden_tower_shield":1,"minecraft:stone_axe":1,"spartanshields:stone_tower_shield":1,"minecraft:bread":51,"minecraft:stick":8,"minecraft:iron_pickaxe":1,"minecraft:wheat":45},"minecraft:used":{"minecraft:wheat_seeds":107,"block_of_power:advanced_crafting_table":1,"minecraft:oak_planks":45,"minecraft:spruce_planks":25,"minecraft:wooden_pickaxe":16,"block_of_power:command_block":1,"minecraft:red_mushroom_block":2,"minecraft:quartz_stairs":1,"create:mechanical_crafter":17,"create:depot":1,"minecraft:lingering_potion":9,"variantvanillablocks:spruce_crafting_table":2,"deep_dark_regrowth:ghost_jelly":1,"create:wrench":20,"minecraft:bread":4,"deep_dark_regrowth:ghost_jellyfish_spawn_egg":1,"create:creative_motor":1,"deep_dark_regrowth:dungeon":1,"minecraft:stone_axe":73,"ars_nouveau:sourceberry_bush":1,"deep_dark_regrowth:vault_chest_spawn_egg":1,"deep_dark_regrowth:chrome_butterfly_spawn_egg":1,"deep_dark_regrowth:replicate_spawn_egg":1,"minecraft:jukebox":1,"create:large_cogwheel":4},"minecraft:killed":{"deep_dark_regrowth:chrome_butterfly":1,"minecraft:husk":11,"deep_dark_regrowth:vault_chest":1,"deep_dark_regrowth:ghost_jellyfish":1},"minecraft:picked_up":{"deep_dark_regrowth:ghost_jelly":2,"minecraft:wheat":111,"minecraft:prismarine_shard":1,"create:mechanical_crafter":1,"create:wrench":1,"minecraft:brick":1,"minecraft:silence_armor_trim_smithing_template":1,"minecraft:lapis_lazuli":1,"minecraft:dirt":1,"minecraft:lantern":1,"variantvanillablocks:spruce_crafting_table":2,"minecraft:netherite_ingot":2,"minecraft:wheat_seeds":327,"minecraft:echo_shard":4,"minecraft:iron_ingot":1,"minecraft:glowstone_dust":1,"deep_dark_regrowth:soul_of_the_depths":2,"minecraft:stripped_mangrove_wood":2,"minecraft:stick":7,"deep_dark_regrowth:plasma_chunk":9,"quark:white_shard":3,"create:cogwheel":1,"minecraft:copper_ingot":1,"minecraft:quartz":1,"minecraft:amethyst_shard":1,"minecraft:stone_button":1,"minecraft:spruce_sapling":15,"minecraft:spruce_log":60,"minecraft:redstone":5,"minecraft:brown_carpet":5,"create:large_cogwheel":1,"create:creative_motor":1,"deep_dark_regrowth:dungeon":2,"minecraft:rotten_flesh":8,"deep_dark_regrowth:etherium_gem":5,"minecraft:diamond":25,"minecraft:hay_block":5,"create:depot":1,"deep_dark_regrowth:unbreakability_seal":2,"minecraft:ward_armor_trim_smithing_template":1,"minecraft:gold_ingot":9,"minecraft:emerald":1,"ars_nouveau:sourceberry_bush":10,"minecraft:brown_banner":2,"minecraft:blaze_rod":1,"minecraft:coal":2,"minecraft:nether_star":1,"minecraft:cobblestone":16,"minecraft:ender_pearl":1},"minecraft:custom":{"minecraft:interact_with_furnace":3,"minecraft:mob_kills":14,"minecraft:play_record":1,"minecraft:interact_with_crafting_table":3,"minecraft:open_barrel":19,"minecraft:leave_game":1,"minecraft:time_since_death":25567,"minecraft:climb_one_cm":1603,"minecraft:time_since_rest":25750,"minecraft:sprint_one_cm":53305,"minecraft:damage_taken":250,"minecraft:walk_one_cm":97824,"minecraft:drop":15,"minecraft:damage_dealt":8335,"minecraft:fly_one_cm":170685,"minecraft:open_chest":17,"minecraft:crouch_one_cm":5633,"minecraft:play_time":73723,"minecraft:deaths":1,"minecraft:sneak_time":2879,"minecraft:jump":315,"minecraft:walk_on_water_one_cm":121,"minecraft:total_world_time":73723,"minecraft:fall_one_cm":4881},"minecraft:dropped":{"minecraft:diamond":1,"minecraft:wheat":2,"create:cogwheel":1,"minecraft:dirt":1,"create:creative_motor":1,"minecraft:stone_button":1,"create:wrench":1,"create:mechanical_crafter":1,"create:depot":1,"minecraft:brown_carpet":3,"minecraft:wooden_pickaxe":1,"create:large_cogwheel":1,"minecraft:gold_ingot":1}},"DataVersion":3465}