{"stats":{"minecraft:mined":{"minecraft:dark_prismarine":10,"minecraft:mangrove_stairs":1,"minecraft:white_bed":3,"minecraft:blackstone":15,"minecraft:crafting_table":2,"minecraft:blast_furnace":2,"minecraft:oak_wood":2,"minecraft:calcite":1,"tetra:forged_crate":1,"minecraft:oak_planks":29,"minecraft:spawner":1,"minecraft:hay_block":28,"minecraft:spruce_stairs":1,"minecraft:birch_planks":4,"ars_nouveau:mendosteen_pod":9,"ars_nouveau:archwood_planks":8,"minecraft:iron_ore":5,"minecraft:blue_ice":2,"minecraft:ice":5,"treechop:chopped_log":7,"minecraft:mangrove_planks":1,"minecraft:dark_oak_stairs":1,"minecraft:grass":1,"minecraft:coal_ore":15,"minecraft:cyan_carpet":1,"minecraft:packed_ice":2,"minecraft:stone":14,"minecraft:green_wool":2},"minecraft:picked_up":{"ars_nouveau:red_archwood_log":38,"minecraft:crafting_table":2,"minecraft:packed_ice":4,"minecraft:filled_map":1,"minecraft:birch_planks":4,"minecraft:potion":2,"minecraft:enchanted_book":3,"minecraft:oak_log":25,"ars_nouveau:archwood_planks":8,"minecraft:iron_leggings":1,"minecraft:blackstone":15,"minecraft:bone":16,"ars_nouveau:green_archwood_sapling":6,"minecraft:cyan_carpet":2,"minecraft:apple":4,"minecraft:bow":1,"minecraft:spruce_planks":1,"minecraft:iron_ingot":1,"minecraft:oak_boat":1,"minecraft:calcite":1,"ars_nouveau:mendosteen_pod":31,"minecraft:mangrove_planks":1,"minecraft:iron_sword":1,"minecraft:oak_planks":26,"minecraft:dark_oak_stairs":1,"minecraft:dark_oak_sapling":1,"minecraft:raw_iron":6,"minecraft:stick":22,"ars_nouveau:red_archwood_sapling":10,"tetra:chthonic_extractor":1,"minecraft:blast_furnace":2,"minecraft:white_bed":3,"minecraft:dark_prismarine":14,"ars_nouveau:green_archwood_log":49,"minecraft:tnt":1,"minecraft:oak_wood":1,"minecraft:arrow":19,"minecraft:purple_bed":1,"minecraft:rotten_flesh":26,"minecraft:soul_lantern":2,"minecraft:hay_block":28,"minecraft:green_wool":2,"minecraft:emerald":1,"minecraft:oak_sapling":16,"minecraft:coal":15,"minecraft:cobblestone":18},"minecraft:killed":{"minecraft:husk":19,"minecraft:frog":1,"minecraft:skeleton":6,"minecraft:zombie":2},"minecraft:dropped":{"minecraft:enchanted_book":3,"minecraft:bread":24,"minecraft:iron_sword":1,"minecraft:tnt":1,"minecraft:glass_bottle":1,"minecraft:dark_oak_sapling":1,"minecraft:soul_lantern":2,"minecraft:rotten_flesh":11,"minecraft:spectral_arrow":1,"minecraft:apple":3,"tetra:chthonic_extractor":1,"minecraft:stick":2,"minecraft:filled_map":1,"ars_nouveau:red_archwood_log":38,"minecraft:packed_ice":8,"minecraft:spruce_planks":1,"minecraft:oak_wood":1,"minecraft:purple_bed":1,"minecraft:blue_ice":2,"minecraft:oak_sapling":16,"tetra:modular_double":1,"minecraft:bow":1,"minecraft:wooden_pickaxe":1,"ars_nouveau:mendosteen_pod":1,"minecraft:calcite":1,"minecraft:cyan_carpet":1,"ars_nouveau:red_archwood_sapling":1,"minecraft:green_wool":2},"minecraft:crafted":{"minecraft:oak_planks":100,"minecraft:crafting_table":2,"minecraft:wooden_pickaxe":1,"spartanshields:wooden_tower_shield":1,"quark:blackstone_furnace":1,"minecraft:stone_axe":3,"spartanshields:stone_tower_shield":1,"minecraft:bread":81,"minecraft:oak_boat":1,"minecraft:stick":4,"minecraft:stone_pickaxe":1,"minecraft:torch":60,"minecraft:wheat":243},"minecraft:killed_by":{"minecraft:husk":2,"minecraft:skeleton":1},"minecraft:custom":{"minecraft:interact_with_furnace":2,"minecraft:mob_kills":29,"minecraft:interact_with_crafting_table":8,"minecraft:open_barrel":14,"minecraft:leave_game":2,"minecraft:time_since_death":17607,"minecraft:sleep_in_bed":3,"minecraft:climb_one_cm":947,"minecraft:damage_resisted":287,"minecraft:time_since_rest":1361,"minecraft:sprint_one_cm":247428,"minecraft:damage_absorbed":80,"minecraft:damage_taken":2576,"minecraft:walk_one_cm":200809,"minecraft:damage_blocked_by_shield":1800,"minecraft:drop":34,"minecraft:damage_dealt":8300,"minecraft:swim_one_cm":24350,"minecraft:fly_one_cm":360831,"minecraft:open_chest":9,"minecraft:crouch_one_cm":9751,"minecraft:play_time":93217,"minecraft:deaths":3,"minecraft:sneak_time":4541,"minecraft:walk_under_water_one_cm":14209,"minecraft:boat_one_cm":145596,"minecraft:jump":1292,"minecraft:walk_on_water_one_cm":27234,"minecraft:total_world_time":93217,"minecraft:fall_one_cm":26980},"minecraft:used":{"minecraft:birch_planks":2,"minecraft:oak_planks":72,"minecraft:stone_pickaxe":63,"minecraft:baked_potato":2,"ars_nouveau:mendosteen_pod":28,"minecraft:wooden_pickaxe":16,"minecraft:iron_sword":58,"minecraft:torch":6,"minecraft:crafting_table":4,"ars_nouveau:archwood_planks":7,"minecraft:white_bed":3,"spartanshields:stone_tower_shield":22,"minecraft:apple":4,"minecraft:bread":23,"minecraft:cyan_carpet":1,"minecraft:stone_axe":134,"minecraft:potion":1,"minecraft:bow":11,"minecraft:hay_block":1,"minecraft:oak_boat":1,"minecraft:bone_meal":17}},"DataVersion":3465}