{"stats":{"minecraft:used":{"block_of_power:advanced_crafting_table":1,"deep_dark_regrowth:ghost_jelly":1,"create:wrench":20,"minecraft:oak_planks":45,"block_of_power:command_block":1,"minecraft:red_mushroom_block":2,"minecraft:quartz_stairs":1,"deep_dark_regrowth:ghost_jellyfish_spawn_egg":1,"create:creative_motor":1,"deep_dark_regrowth:dungeon":1,"create:mechanical_crafter":17,"deep_dark_regrowth:replicate_spawn_egg":1,"deep_dark_regrowth:chrome_butterfly_spawn_egg":1,"create:depot":1,"deep_dark_regrowth:vault_chest_spawn_egg":1,"minecraft:lingering_potion":9,"minecraft:jukebox":1,"create:large_cogwheel":4},"minecraft:killed":{"deep_dark_regrowth:ghost_jellyfish":1,"deep_dark_regrowth:chrome_butterfly":1,"deep_dark_regrowth:vault_chest":1},"minecraft:picked_up":{"deep_dark_regrowth:ghost_jelly":2,"minecraft:wheat":1,"deep_dark_regrowth:plasma_chunk":9,"minecraft:prismarine_shard":1,"create:mechanical_crafter":1,"minecraft:copper_ingot":1,"create:cogwheel":1,"minecraft:quartz":1,"create:wrench":1,"minecraft:amethyst_shard":1,"minecraft:brick":1,"minecraft:redstone":5,"minecraft:silence_armor_trim_smithing_template":1,"minecraft:lapis_lazuli":1,"create:large_cogwheel":1,"create:creative_motor":1,"minecraft:netherite_ingot":2,"deep_dark_regrowth:dungeon":2,"deep_dark_regrowth:etherium_gem":5,"minecraft:diamond":25,"minecraft:wheat_seeds":2,"minecraft:iron_ingot":1,"minecraft:echo_shard":4,"minecraft:emerald":1,"create:depot":1,"deep_dark_regrowth:unbreakability_seal":2,"minecraft:ward_armor_trim_smithing_template":1,"minecraft:gold_ingot":9,"minecraft:glowstone_dust":1,"minecraft:blaze_rod":1,"minecraft:coal":2,"minecraft:nether_star":1,"minecraft:ender_pearl":1,"deep_dark_regrowth:soul_of_the_depths":2},"minecraft:custom":{"minecraft:time_since_rest":47219,"minecraft:interact_with_furnace":3,"minecraft:sprint_one_cm":17129,"minecraft:walk_one_cm":28483,"minecraft:mob_kills":3,"minecraft:drop":8,"minecraft:damage_dealt":3800,"minecraft:play_record":1,"minecraft:fly_one_cm":134349,"minecraft:open_barrel":16,"minecraft:open_chest":8,"minecraft:play_time":47219,"minecraft:sneak_time":604,"minecraft:jump":106,"minecraft:climb_one_cm":1070,"minecraft:time_since_death":47219,"minecraft:total_world_time":47219},"minecraft:dropped":{"create:creative_motor":1,"minecraft:diamond":1,"create:wrench":1,"create:mechanical_crafter":1,"create:depot":1,"create:cogwheel":1,"create:large_cogwheel":1,"minecraft:gold_ingot":1}},"DataVersion":3465}