{"stats":{"minecraft:dropped":{"minecraft:bread":24,"minecraft:oak_sapling":1,"minecraft:wooden_pickaxe":1,"minecraft:calcite":1,"minecraft:green_wool":2},"minecraft:used":{"minecraft:apple":4,"minecraft:stone_pickaxe":28,"minecraft:baked_potato":2,"minecraft:oak_planks":1,"minecraft:wooden_pickaxe":16,"minecraft:stone_axe":44,"minecraft:hay_block":1,"minecraft:crafting_table":2,"minecraft:white_bed":1,"spartanshields:stone_tower_shield":2},"minecraft:crafted":{"minecraft:oak_planks":100,"minecraft:crafting_table":1,"minecraft:stick":4,"minecraft:wooden_pickaxe":1,"spartanshields:wooden_tower_shield":1,"minecraft:stone_pickaxe":1,"quark:blackstone_furnace":1,"minecraft:stone_axe":1,"spartanshields:stone_tower_shield":1,"minecraft:bread":81,"minecraft:wheat":243},"minecraft:picked_up":{"ars_nouveau:red_archwood_log":38,"minecraft:raw_iron":2,"minecraft:stick":22,"minecraft:crafting_table":2,"ars_nouveau:red_archwood_sapling":9,"minecraft:oak_log":25,"minecraft:white_bed":1,"minecraft:blackstone":15,"minecraft:apple":4,"minecraft:hay_block":28,"minecraft:green_wool":2,"minecraft:calcite":1,"minecraft:oak_sapling":16,"minecraft:coal":15,"minecraft:cobblestone":18},"minecraft:killed":{"minecraft:zombie":1},"minecraft:custom":{"minecraft:time_since_rest":3780,"minecraft:interact_with_furnace":2,"minecraft:sprint_one_cm":68506,"minecraft:damage_taken":375,"minecraft:walk_one_cm":33194,"minecraft:damage_blocked_by_shield":180,"minecraft:mob_kills":1,"minecraft:drop":6,"minecraft:damage_dealt":313,"minecraft:swim_one_cm":6155,"minecraft:interact_with_crafting_table":6,"minecraft:fly_one_cm":118547,"minecraft:open_barrel":6,"minecraft:crouch_one_cm":378,"minecraft:play_time":23213,"minecraft:deaths":1,"minecraft:sneak_time":242,"minecraft:walk_under_water_one_cm":1860,"minecraft:jump":403,"minecraft:walk_on_water_one_cm":3341,"minecraft:time_since_death":3693,"minecraft:climb_one_cm":7,"minecraft:total_world_time":23213,"minecraft:fall_one_cm":8736},"minecraft:mined":{"minecraft:hay_block":28,"minecraft:blackstone":15,"minecraft:iron_ore":2,"treechop:chopped_log":6,"minecraft:crafting_table":2,"minecraft:grass":1,"minecraft:calcite":1,"minecraft:coal_ore":15,"minecraft:stone":11,"minecraft:green_wool":2},"minecraft:killed_by":{"minecraft:skeleton":1}},"DataVersion":3465}