{"stats":{"minecraft:mined":{"minecraft:dark_prismarine":5,"minecraft:white_bed":2,"minecraft:blackstone":15,"minecraft:crafting_table":2,"minecraft:oak_wood":2,"minecraft:calcite":1,"minecraft:oak_planks":23,"minecraft:spruce_stairs":1,"minecraft:hay_block":28,"minecraft:birch_planks":2,"minecraft:iron_ore":2,"minecraft:blue_ice":2,"minecraft:ice":5,"treechop:chopped_log":6,"minecraft:grass":1,"minecraft:coal_ore":15,"minecraft:packed_ice":2,"minecraft:stone":11,"minecraft:green_wool":2},"minecraft:dropped":{"minecraft:bread":24,"minecraft:soul_lantern":1,"minecraft:packed_ice":8,"minecraft:oak_wood":1,"minecraft:oak_sapling":1,"minecraft:wooden_pickaxe":1,"minecraft:calcite":1,"ars_nouveau:red_archwood_sapling":1,"minecraft:green_wool":2},"minecraft:picked_up":{"ars_nouveau:red_archwood_log":38,"minecraft:crafting_table":2,"minecraft:packed_ice":4,"minecraft:birch_planks":2,"minecraft:filled_map":1,"minecraft:oak_log":25,"minecraft:iron_leggings":1,"minecraft:bone":5,"minecraft:blackstone":15,"minecraft:apple":4,"minecraft:bow":1,"minecraft:spruce_planks":1,"minecraft:calcite":1,"minecraft:oak_planks":19,"minecraft:raw_iron":2,"minecraft:stick":22,"ars_nouveau:red_archwood_sapling":10,"minecraft:white_bed":2,"minecraft:dark_prismarine":9,"minecraft:oak_wood":1,"minecraft:arrow":5,"minecraft:soul_lantern":2,"minecraft:hay_block":28,"minecraft:green_wool":2,"minecraft:oak_sapling":16,"minecraft:coal":15,"minecraft:cobblestone":18},"minecraft:custom":{"minecraft:interact_with_furnace":2,"minecraft:mob_kills":5,"minecraft:interact_with_crafting_table":7,"minecraft:open_barrel":7,"minecraft:leave_game":1,"minecraft:time_since_death":21339,"minecraft:sleep_in_bed":2,"minecraft:climb_one_cm":7,"minecraft:time_since_rest":2937,"minecraft:sprint_one_cm":103987,"minecraft:damage_taken":1199,"minecraft:walk_one_cm":73832,"minecraft:damage_blocked_by_shield":615,"minecraft:drop":11,"minecraft:damage_dealt":1009,"minecraft:swim_one_cm":8271,"minecraft:fly_one_cm":186721,"minecraft:open_chest":2,"minecraft:crouch_one_cm":4421,"minecraft:play_time":40859,"minecraft:deaths":1,"minecraft:sneak_time":2629,"minecraft:walk_under_water_one_cm":5868,"minecraft:boat_one_cm":22356,"minecraft:jump":717,"minecraft:walk_on_water_one_cm":10083,"minecraft:total_world_time":40859,"minecraft:fall_one_cm":15925},"minecraft:killed":{"minecraft:skeleton":4,"minecraft:zombie":1},"minecraft:killed_by":{"minecraft:skeleton":1},"minecraft:used":{"minecraft:stone_pickaxe":41,"minecraft:baked_potato":2,"minecraft:oak_planks":52,"minecraft:wooden_pickaxe":16,"minecraft:torch":5,"minecraft:crafting_table":3,"minecraft:white_bed":2,"spartanshields:stone_tower_shield":11,"minecraft:apple":4,"minecraft:bread":16,"minecraft:stone_axe":102,"minecraft:bow":7,"minecraft:hay_block":1},"minecraft:crafted":{"minecraft:oak_planks":100,"minecraft:crafting_table":1,"minecraft:wooden_pickaxe":1,"spartanshields:wooden_tower_shield":1,"quark:blackstone_furnace":1,"minecraft:stone_axe":3,"spartanshields:stone_tower_shield":1,"minecraft:bread":81,"minecraft:stick":4,"minecraft:stone_pickaxe":1,"minecraft:torch":60,"minecraft:wheat":243}},"DataVersion":3465}