{"stats":{"minecraft:custom":{"minecraft:jump":47,"minecraft:open_chest":5,"minecraft:time_since_rest":39688,"minecraft:walk_on_water_one_cm":3734,"minecraft:leave_game":1,"minecraft:play_time":39688,"minecraft:sprint_one_cm":6319,"minecraft:time_since_death":39688,"minecraft:walk_one_cm":10490,"minecraft:walk_under_water_one_cm":22116,"minecraft:sneak_time":13,"minecraft:total_world_time":39688,"minecraft:climb_one_cm":925,"minecraft:swim_one_cm":7860,"minecraft:fly_one_cm":8292,"minecraft:aviate_one_cm":1169115},"minecraft:picked_up":{"minecraft:cornflower":1},"minecraft:used":{"aquamirae:abyssal_brigantine":1,"aquamirae:abyssal_boots":1,"minecraft:writable_book":1,"minecraft:firework_rocket":29,"aquamirae:abyssal_leggings":1,"aquamirae:abyssal_heaume":1}},"DataVersion":3465}