{"stats":{"minecraft:used":{"minecraft:wheat_seeds":113,"minecraft:water_bucket":3,"minecraft:netherite_sword":59,"minecraft:chest":1,"minecraft:ender_chest":1,"minecraft:diamond_axe":39,"minecraft:golden_apple":6,"spartanshields:iron_tower_shield":16,"minecraft:white_wool":2,"minecraft:torch":4,"minecraft:crafting_table":4,"enderitemod:enderite_elytra":1,"minecraft:crossbow":2,"minecraft:white_bed":1,"minecraft:firework_rocket":7,"minecraft:string":1,"minecraft:lantern":2,"minecraft:bread":54,"minecraft:iron_pickaxe":86,"travelersbackpack:white_sleeping_bag":2,"minecraft:diamond_chestplate":1,"minecraft:diamond_sword":46,"minecraft:cobblestone":6,"minecraft:bow":55,"immersive_aircraft:biplane":1,"minecraft:diamond_leggings":1,"minecraft:oak_sapling":1,"minecraft:andesite":2,"minecraft:splash_potion":2,"minecraft:cherry_log":1,"minecraft:bucket":4,"immersive_aircraft:gyrodyne":6,"minecraft:experience_bottle":2},"minecraft:killed":{"minecraft:spider":5,"minecraft:vindicator":1,"minecraft:hoglin":2,"minecraft:creeper":1,"minecraft:sheep":1,"minecraft:pillager":7,"minecraft:zombie":4},"minecraft:mined":{"minecraft:cherry_log":1,"minecraft:stone_brick_slab":1,"minecraft:crafting_table":1,"minecraft:glow_lichen":2,"minecraft:spruce_fence":1,"minecraft:coal_block":32,"minecraft:tall_grass":2,"minecraft:cobblestone":4,"travelersbackpack:white_sleeping_bag":2,"minecraft:green_concrete":1,"minecraft:damaged_anvil":1,"minecraft:pink_petals":1,"minecraft:furnace":1,"minecraft:iron_ore":14,"minecraft:fire":2,"minecraft:wheat":111,"minecraft:andesite":2,"treechop:chopped_log":4,"minecraft:grass":5,"minecraft:coal_ore":16,"minecraft:vine":1,"minecraft:cherry_leaves":1,"minecraft:stone":6,"minecraft:iron_block":2,"minecraft:white_wool":3,"minecraft:mossy_stone_bricks":3,"minecraft:green_wool":1,"minecraft:tripwire":1},"minecraft:picked_up":{"minecraft:birch_log":9,"minecraft:pink_petals":10,"minecraft:crafting_table":2,"minecraft:leather_chestplate":3,"minecraft:wheat":112,"minecraft:andesite":2,"minecraft:leather_leggings":6,"minecraft:leather":1,"minecraft:enchanted_book":1,"minecraft:diamond_horse_armor":1,"minecraft:oak_log":9,"minecraft:gunpowder":4,"immersive_aircraft:gyrodyne":4,"minecraft:string":7,"minecraft:dirt":22,"minecraft:lantern":8,"minecraft:item_frame":1,"minecraft:armor_stand":3,"minecraft:experience_bottle":2,"minecraft:bow":1,"minecraft:wheat_seeds":318,"minecraft:gold_nugget":16,"minecraft:iron_ingot":38,"minecraft:oak_boat":1,"minecraft:mossy_stone_bricks":1,"minecraft:coal_block":64,"minecraft:birch_sapling":3,"minecraft:furnace":1,"minecraft:stick":22,"minecraft:raw_iron":12,"minecraft:stone_brick_slab":1,"minecraft:porkchop":5,"minecraft:cherry_log":52,"minecraft:carrot":1,"minecraft:spider_eye":1,"minecraft:leather_helmet":3,"travelersbackpack:white_sleeping_bag":2,"minecraft:arrow":63,"minecraft:rotten_flesh":5,"minecraft:diamond_chestplate":2,"minecraft:diamond":62,"minecraft:diamond_boots":8,"minecraft:iron_block":2,"minecraft:cherry_sapling":39,"minecraft:bread":44,"minecraft:gold_ingot":19,"minecraft:emerald":5,"minecraft:oak_sapling":1,"minecraft:damaged_anvil":3,"minecraft:mutton":1,"minecraft:coal":16,"minecraft:white_wool":9,"minecraft:cobblestone":10,"minecraft:ender_pearl":2},"minecraft:dropped":{"minecraft:porkchop":5,"minecraft:wheat_seeds":202,"minecraft:birch_sapling":2,"minecraft:wheat":2,"minecraft:rotten_flesh":5,"minecraft:lantern":2,"minecraft:leather":1,"minecraft:leather_helmet":3,"minecraft:item_frame":1,"minecraft:leather_chestplate":3,"minecraft:dirt":22,"minecraft:torch":1,"minecraft:mossy_stone_bricks":1,"minecraft:leather_leggings":7,"minecraft:spider_eye":1,"minecraft:string":3,"minecraft:pink_petals":7,"minecraft:white_wool":4,"minecraft:stone_brick_slab":1},"minecraft:crafted":{"minecraft:oak_planks":4,"minecraft:crafting_table":4,"minecraft:bucket":1,"minecraft:birch_planks":36,"minecraft:bread":36,"travelersbackpack:white_sleeping_bag":1,"minecraft:diamond_leggings":1,"minecraft:bow":1,"minecraft:golden_apple":1,"minecraft:stick":32,"minecraft:iron_ingot":18,"minecraft:chest":1,"minecraft:torch":32,"minecraft:shears":1},"minecraft:killed_by":{"minecraft:zombie_villager":1},"minecraft:custom":{"minecraft:interact_with_furnace":2,"spartanshields:shield_bash_hits":1,"minecraft:mob_kills":22,"minecraft:interact_with_crafting_table":8,"minecraft:open_barrel":16,"minecraft:leave_game":2,"minecraft:time_since_death":24018,"minecraft:sleep_in_bed":7,"minecraft:climb_one_cm":12383,"minecraft:time_since_rest":6356,"minecraft:damage_absorbed":161,"minecraft:sprint_one_cm":245883,"minecraft:open_enderchest":1,"minecraft:damage_taken":3335,"minecraft:walk_one_cm":277738,"minecraft:damage_blocked_by_shield":990,"minecraft:drop":40,"minecraft:damage_dealt":4247,"minecraft:swim_one_cm":3807,"minecraft:talked_to_villager":1,"minecraft:fly_one_cm":196357,"minecraft:open_chest":24,"minecraft:crouch_one_cm":7902,"minecraft:play_time":154931,"minecraft:sneak_time":5857,"minecraft:deaths":3,"minecraft:walk_under_water_one_cm":5122,"minecraft:aviate_one_cm":237131,"minecraft:jump":1271,"minecraft:walk_on_water_one_cm":5819,"minecraft:total_world_time":154931,"minecraft:fall_one_cm":48829,"minecraft:inspect_dispenser":9}},"DataVersion":3465}