{"stats":{"minecraft:used":{"minecraft:firework_rocket":10,"minecraft:bow":1,"immersive_aircraft:biplane":2},"minecraft:picked_up":{"immersive_aircraft:biplane":2,"minecraft:arrow":1,"minecraft:command_block":1,"minecraft:wither_skeleton_skull":1,"minecraft:soul_sand":1},"minecraft:dropped":{"minecraft:wither_skeleton_skull":1,"minecraft:soul_sand":1,"minecraft:arrow":1,"minecraft:command_block":1,"immersive_aircraft:biplane":1},"minecraft:custom":{"minecraft:open_barrel":10,"minecraft:time_since_rest":32264,"minecraft:open_chest":5,"minecraft:interact_with_furnace":2,"minecraft:play_time":32264,"minecraft:sprint_one_cm":24492,"minecraft:damage_taken":200,"minecraft:walk_one_cm":20172,"minecraft:sneak_time":859,"minecraft:walk_under_water_one_cm":977,"minecraft:drop":5,"minecraft:aviate_one_cm":494490,"minecraft:jump":344,"minecraft:time_since_death":32264,"minecraft:walk_on_water_one_cm":124,"minecraft:total_world_time":32264,"minecraft:fall_one_cm":3809,"minecraft:tune_noteblock":1,"minecraft:fly_one_cm":206786}},"DataVersion":3465}