{"stats":{"minecraft:custom":{"minecraft:time_since_rest":48124,"minecraft:interact_with_smithing_table":2,"minecraft:crouch_one_cm":247,"minecraft:play_time":48124,"minecraft:sprint_one_cm":28423,"minecraft:damage_taken":78,"minecraft:walk_one_cm":52790,"minecraft:sneak_time":264,"minecraft:walk_under_water_one_cm":208,"minecraft:mob_kills":4,"minecraft:interact_with_anvil":4,"minecraft:drop":30,"minecraft:aviate_one_cm":219935,"minecraft:jump":138,"minecraft:damage_dealt":9710,"minecraft:leave_game":5,"minecraft:time_since_death":48124,"minecraft:walk_on_water_one_cm":2084,"minecraft:total_world_time":48124,"minecraft:interact_with_crafting_table":1,"minecraft:fly_one_cm":41142,"minecraft:fall_one_cm":592},"minecraft:used":{"dreadsteel:dreadsteel_helmet":1,"minecraft:firework_rocket":3,"minecraft:anvil":1,"minecraft:crafting_table":1,"minecraft:smithing_table":1,"dreadsteel:dreadsteel_chestplate":1,"cataclysm:coral_bardiche":2},"minecraft:dropped":{"dreadsteel:dreadsteel_chestplate":4,"dreadsteel:dreadsteel_shield":5,"dreadsteel:dreadsteel_boots":4,"minecraft:white_wool":4,"dreadsteel:dreadsteel_helmet":4,"dreadsteel:dreadsteel_leggings":4,"dreadsteel:dreadsteel_scythe":5},"minecraft:picked_up":{"dreadsteel:dreadsteel_shield":5,"dreadsteel:dreadsteel_boots":4,"mowziesmobs:ice_crystal":1,"dreadsteel:dreadsteel_scythe":5,"dreadsteel:dreadsteel_chestplate":4,"dreadsteel:dreadsteel_helmet":4,"minecraft:white_wool":4,"dreadsteel:dreadsteel_leggings":4,"minecraft:egg":2},"minecraft:killed":{"mowziesmobs:frostmaw":1,"minecraft:enderman":1}},"DataVersion":3465}