{"stats":{"minecraft:dropped":{"minecraft:oak_sapling":1,"minecraft:wooden_pickaxe":1,"minecraft:calcite":1,"minecraft:green_wool":2},"minecraft:used":{"minecraft:stone_pickaxe":25,"minecraft:baked_potato":2,"minecraft:oak_planks":1,"minecraft:wooden_pickaxe":16,"minecraft:stone_axe":22,"minecraft:crafting_table":2},"minecraft:crafted":{"minecraft:oak_planks":20,"minecraft:crafting_table":1,"minecraft:stick":4,"minecraft:wooden_pickaxe":1,"spartanshields:wooden_tower_shield":1,"minecraft:stone_pickaxe":1,"quark:blackstone_furnace":1,"minecraft:stone_axe":1},"minecraft:picked_up":{"minecraft:stick":14,"minecraft:crafting_table":2,"minecraft:oak_log":25,"minecraft:blackstone":15,"minecraft:apple":4,"minecraft:green_wool":2,"minecraft:calcite":1,"minecraft:oak_sapling":16,"minecraft:coal":15,"minecraft:cobblestone":10},"minecraft:custom":{"minecraft:time_since_rest":11213,"minecraft:sprint_one_cm":28061,"minecraft:damage_taken":90,"minecraft:walk_one_cm":14895,"minecraft:drop":5,"minecraft:damage_dealt":18,"minecraft:swim_one_cm":2878,"minecraft:interact_with_crafting_table":4,"minecraft:fly_one_cm":61738,"minecraft:open_barrel":4,"minecraft:crouch_one_cm":195,"minecraft:play_time":11213,"minecraft:sneak_time":133,"minecraft:walk_under_water_one_cm":734,"minecraft:jump":176,"minecraft:walk_on_water_one_cm":1962,"minecraft:time_since_death":11213,"minecraft:climb_one_cm":7,"minecraft:total_world_time":11213,"minecraft:fall_one_cm":3998},"minecraft:mined":{"minecraft:blackstone":15,"treechop:chopped_log":5,"minecraft:crafting_table":2,"minecraft:grass":1,"minecraft:calcite":1,"minecraft:coal_ore":15,"minecraft:stone":10,"minecraft:green_wool":2}},"DataVersion":3465}