{"stats":{"minecraft:used":{"aquamirae:abyssal_brigantine":1,"aquamirae:abyssal_boots":1,"minecraft:writable_book":1,"aquamirae:abyssal_leggings":1,"aquamirae:abyssal_heaume":1},"minecraft:custom":{"minecraft:jump":9,"minecraft:open_chest":5,"minecraft:time_since_rest":23046,"minecraft:leave_game":1,"minecraft:sprint_one_cm":3048,"minecraft:play_time":23046,"minecraft:time_since_death":23046,"minecraft:walk_one_cm":5875,"minecraft:sneak_time":13,"minecraft:climb_one_cm":924,"minecraft:total_world_time":23046,"minecraft:fly_one_cm":1276}},"DataVersion":3465}