{"stats":{"minecraft:crafted":{"variantvanillablocks:acacia_crafting_table":1,"minecraft:wooden_hoe":1,"minecraft:acacia_planks":16},"minecraft:killed_by":{"minecraft:spider":1},"minecraft:dropped":{"minecraft:lapis_lazuli":1},"minecraft:mined":{"minecraft:hay_block":35,"minecraft:wheat":63,"treechop:chopped_log":1,"minecraft:grass":1,"minecraft:grass_block":1},"minecraft:used":{"minecraft:wheat_seeds":62,"minecraft:wooden_hoe":50,"minecraft:apple":1,"minecraft:bread":3,"variantvanillablocks:acacia_crafting_table":1,"minecraft:iron_helmet":1,"minecraft:dirt":1,"minecraft:iron_leggings":1},"minecraft:picked_up":{"minecraft:stick":3,"minecraft:wheat":63,"minecraft:acacia_log":4,"minecraft:lapis_lazuli":1,"minecraft:dirt":1,"minecraft:iron_leggings":1,"minecraft:wheat_seeds":167,"minecraft:hay_block":34,"minecraft:iron_ingot":2,"minecraft:gold_ingot":4,"minecraft:emerald":1,"minecraft:iron_sword":1,"minecraft:acacia_sapling":3},"minecraft:custom":{"minecraft:time_since_rest":302,"minecraft:sprint_one_cm":31388,"minecraft:damage_taken":620,"minecraft:walk_one_cm":73955,"minecraft:drop":1,"minecraft:interact_with_crafting_table":2,"minecraft:fly_one_cm":34416,"minecraft:open_barrel":2,"minecraft:open_chest":11,"minecraft:crouch_one_cm":2502,"minecraft:play_time":20385,"minecraft:deaths":2,"minecraft:sneak_time":830,"minecraft:jump":229,"minecraft:leave_game":1,"minecraft:time_since_death":0,"minecraft:walk_on_water_one_cm":215,"minecraft:climb_one_cm":3742,"minecraft:total_world_time":20385,"minecraft:fall_one_cm":9865,"minecraft:inspect_dispenser":2}},"DataVersion":3465}