{"stats":{"minecraft:custom":{"minecraft:time_since_rest":51688,"minecraft:open_chest":7,"minecraft:crouch_one_cm":257,"minecraft:sprint_one_cm":11895,"minecraft:play_time":51688,"minecraft:walk_one_cm":15474,"minecraft:sneak_time":290,"minecraft:walk_under_water_one_cm":28361,"minecraft:drop":1,"minecraft:aviate_one_cm":1234440,"minecraft:jump":78,"minecraft:leave_game":1,"minecraft:time_since_death":51688,"minecraft:walk_on_water_one_cm":4066,"minecraft:climb_one_cm":1115,"minecraft:total_world_time":51688,"minecraft:swim_one_cm":12524,"minecraft:fly_one_cm":58334},"minecraft:dropped":{"minecraft:command_block":1},"minecraft:picked_up":{"immersive_aircraft:biplane":1,"minecraft:command_block":1,"minecraft:cornflower":1},"minecraft:used":{"aquamirae:abyssal_brigantine":1,"minecraft:writable_book":1,"minecraft:firework_rocket":31,"aquamirae:abyssal_heaume":1,"immersive_aircraft:airship":2,"aquamirae:abyssal_boots":1,"immersive_aircraft:biplane":3,"aquamirae:abyssal_leggings":1}},"DataVersion":3465}