{"stats":{"minecraft:used":{"minecraft:dirt":9},"minecraft:mined":{"minecraft:grass_block":3,"minecraft:dirt":7},"minecraft:picked_up":{"minecraft:dirt":9},"minecraft:custom":{"minecraft:jump":46,"minecraft:time_since_rest":492,"minecraft:deaths":1,"minecraft:damage_dealt":25,"minecraft:walk_on_water_one_cm":56,"minecraft:sprint_one_cm":5784,"minecraft:leave_game":3,"minecraft:play_time":8045,"minecraft:damage_taken":255,"minecraft:time_since_death":467,"minecraft:walk_one_cm":2429,"minecraft:total_world_time":8045,"minecraft:walk_under_water_one_cm":49,"minecraft:swim_one_cm":257,"minecraft:fall_one_cm":4382,"minecraft:fly_one_cm":8043}},"DataVersion":3465}