{"stats":{"minecraft:crafted":{"minecraft:acacia_planks":16},"minecraft:mined":{"minecraft:grass":1,"minecraft:grass_block":1,"treechop:chopped_log":1},"minecraft:used":{"minecraft:dirt":1},"minecraft:picked_up":{"minecraft:stick":3,"minecraft:acacia_log":4,"minecraft:iron_sword":1,"minecraft:acacia_sapling":3,"minecraft:dirt":1},"minecraft:custom":{"minecraft:open_barrel":2,"minecraft:time_since_rest":5585,"minecraft:crouch_one_cm":48,"minecraft:play_time":5585,"minecraft:sprint_one_cm":12861,"minecraft:damage_taken":10,"minecraft:walk_one_cm":12458,"minecraft:sneak_time":36,"minecraft:jump":49,"minecraft:time_since_death":5585,"minecraft:total_world_time":5585,"minecraft:climb_one_cm":1028,"minecraft:interact_with_crafting_table":1,"minecraft:fall_one_cm":1054,"minecraft:fly_one_cm":8509}},"DataVersion":3465}