{"stats":{"minecraft:custom":{"minecraft:interact_with_furnace":2,"minecraft:mob_kills":11,"minecraft:interact_with_crafting_table":4,"minecraft:open_barrel":5,"minecraft:leave_game":1,"minecraft:time_since_death":103469,"minecraft:sleep_in_bed":3,"minecraft:climb_one_cm":8602,"minecraft:time_since_rest":17236,"minecraft:damage_absorbed":40,"minecraft:sprint_one_cm":167236,"minecraft:open_enderchest":1,"minecraft:damage_taken":1295,"minecraft:walk_one_cm":222157,"minecraft:damage_blocked_by_shield":240,"minecraft:drop":37,"minecraft:damage_dealt":3541,"minecraft:swim_one_cm":3807,"minecraft:talked_to_villager":1,"minecraft:fly_one_cm":101602,"minecraft:open_chest":17,"minecraft:crouch_one_cm":4074,"minecraft:play_time":103469,"minecraft:sneak_time":3522,"minecraft:walk_under_water_one_cm":5122,"minecraft:aviate_one_cm":237131,"minecraft:jump":825,"minecraft:walk_on_water_one_cm":5720,"minecraft:total_world_time":103469,"minecraft:fall_one_cm":25844,"minecraft:inspect_dispenser":8},"minecraft:picked_up":{"minecraft:birch_log":9,"minecraft:crafting_table":1,"minecraft:wheat":110,"minecraft:leather_chestplate":3,"minecraft:leather_leggings":6,"minecraft:leather":1,"minecraft:enchanted_book":1,"minecraft:oak_log":9,"minecraft:gunpowder":4,"immersive_aircraft:gyrodyne":3,"minecraft:string":7,"minecraft:lantern":6,"minecraft:armor_stand":3,"minecraft:item_frame":1,"minecraft:experience_bottle":2,"minecraft:bow":1,"minecraft:wheat_seeds":315,"minecraft:gold_nugget":16,"minecraft:iron_ingot":19,"minecraft:oak_boat":1,"minecraft:mossy_stone_bricks":1,"minecraft:coal_block":64,"minecraft:birch_sapling":3,"minecraft:furnace":1,"minecraft:stick":21,"minecraft:raw_iron":12,"minecraft:stone_brick_slab":1,"minecraft:porkchop":5,"minecraft:cherry_log":52,"minecraft:carrot":1,"minecraft:spider_eye":1,"minecraft:leather_helmet":3,"travelersbackpack:white_sleeping_bag":2,"minecraft:diamond_chestplate":1,"minecraft:arrow":2,"minecraft:rotten_flesh":5,"minecraft:diamond":31,"minecraft:diamond_boots":5,"minecraft:emerald":5,"minecraft:iron_block":2,"minecraft:cherry_sapling":39,"minecraft:damaged_anvil":2,"minecraft:oak_sapling":1,"minecraft:coal":16,"minecraft:white_wool":8,"minecraft:cobblestone":10,"minecraft:ender_pearl":1},"minecraft:used":{"minecraft:wheat_seeds":113,"minecraft:water_bucket":1,"minecraft:netherite_sword":59,"minecraft:ender_chest":1,"minecraft:diamond_axe":39,"spartanshields:iron_tower_shield":6,"minecraft:white_wool":1,"minecraft:torch":4,"minecraft:golden_apple":2,"minecraft:crafting_table":3,"enderitemod:enderite_elytra":1,"minecraft:firework_rocket":7,"minecraft:string":1,"minecraft:lantern":2,"minecraft:bread":34,"minecraft:iron_pickaxe":84,"travelersbackpack:white_sleeping_bag":2,"minecraft:diamond_chestplate":1,"minecraft:diamond_sword":33,"minecraft:cobblestone":6,"minecraft:bow":5,"minecraft:oak_sapling":1,"minecraft:bucket":2,"immersive_aircraft:gyrodyne":5,"immersive_aircraft:biplane":1,"minecraft:splash_potion":2,"minecraft:cherry_log":1,"minecraft:experience_bottle":2},"minecraft:mined":{"minecraft:cherry_log":1,"minecraft:stone_brick_slab":1,"minecraft:crafting_table":1,"minecraft:glow_lichen":2,"minecraft:spruce_fence":1,"travelersbackpack:white_sleeping_bag":2,"minecraft:coal_block":32,"minecraft:tall_grass":2,"minecraft:cobblestone":4,"minecraft:green_concrete":1,"minecraft:damaged_anvil":1,"minecraft:furnace":1,"minecraft:iron_ore":14,"minecraft:wheat":111,"minecraft:fire":2,"treechop:chopped_log":4,"minecraft:grass":5,"minecraft:coal_ore":16,"minecraft:vine":1,"minecraft:stone":6,"minecraft:iron_block":2,"minecraft:mossy_stone_bricks":3,"minecraft:white_wool":3,"minecraft:green_wool":1,"minecraft:tripwire":1},"minecraft:killed":{"minecraft:spider":5,"minecraft:hoglin":2,"minecraft:creeper":1,"minecraft:zombie":3},"minecraft:crafted":{"minecraft:oak_planks":4,"minecraft:crafting_table":3,"minecraft:bucket":1,"minecraft:birch_planks":24,"minecraft:bread":36,"travelersbackpack:white_sleeping_bag":1,"minecraft:bow":1,"minecraft:stick":32,"minecraft:iron_ingot":18,"minecraft:torch":32,"minecraft:shears":1},"minecraft:dropped":{"minecraft:porkchop":5,"minecraft:wheat_seeds":202,"minecraft:birch_sapling":2,"minecraft:wheat":2,"minecraft:rotten_flesh":5,"minecraft:leather":1,"minecraft:leather_helmet":3,"minecraft:item_frame":1,"minecraft:leather_chestplate":3,"minecraft:torch":1,"minecraft:mossy_stone_bricks":1,"minecraft:leather_leggings":7,"minecraft:spider_eye":1,"minecraft:string":3,"minecraft:white_wool":4,"minecraft:stone_brick_slab":1}},"DataVersion":3465}