{"stats":{"minecraft:used":{"immersive_aircraft:biplane":1,"minecraft:firework_rocket":10,"minecraft:bow":1},"minecraft:picked_up":{"minecraft:arrow":1},"minecraft:dropped":{"minecraft:wither_skeleton_skull":1,"minecraft:soul_sand":1,"minecraft:arrow":1,"minecraft:command_block":1},"minecraft:custom":{"minecraft:jump":95,"minecraft:open_chest":3,"minecraft:time_since_rest":20264,"minecraft:walk_on_water_one_cm":124,"minecraft:sprint_one_cm":22706,"minecraft:play_time":20264,"minecraft:damage_taken":200,"minecraft:time_since_death":20264,"minecraft:walk_one_cm":18513,"minecraft:sneak_time":130,"minecraft:total_world_time":20264,"minecraft:tune_noteblock":1,"minecraft:drop":4,"minecraft:fall_one_cm":3809,"minecraft:fly_one_cm":55301,"minecraft:aviate_one_cm":494490}},"DataVersion":3465}