{"stats":{"minecraft:mined":{"minecraft:dark_prismarine":10,"minecraft:white_bed":2,"minecraft:blackstone":15,"minecraft:crafting_table":2,"minecraft:blast_furnace":2,"minecraft:oak_wood":2,"minecraft:calcite":1,"minecraft:oak_planks":25,"minecraft:hay_block":28,"minecraft:spruce_stairs":1,"minecraft:birch_planks":4,"ars_nouveau:mendosteen_pod":9,"minecraft:iron_ore":5,"minecraft:blue_ice":2,"minecraft:ice":5,"treechop:chopped_log":7,"minecraft:grass":1,"minecraft:coal_ore":15,"minecraft:packed_ice":2,"minecraft:stone":14,"minecraft:green_wool":2},"minecraft:picked_up":{"ars_nouveau:red_archwood_log":38,"minecraft:crafting_table":2,"minecraft:packed_ice":4,"minecraft:potion":2,"minecraft:birch_planks":4,"minecraft:filled_map":1,"minecraft:enchanted_book":3,"minecraft:oak_log":25,"minecraft:iron_leggings":1,"ars_nouveau:green_archwood_sapling":6,"minecraft:bone":6,"minecraft:blackstone":15,"minecraft:apple":4,"minecraft:bow":1,"minecraft:spruce_planks":1,"minecraft:iron_ingot":1,"minecraft:calcite":1,"ars_nouveau:mendosteen_pod":30,"minecraft:oak_planks":22,"minecraft:dark_oak_sapling":1,"minecraft:raw_iron":6,"minecraft:stick":22,"ars_nouveau:red_archwood_sapling":10,"minecraft:blast_furnace":2,"minecraft:white_bed":2,"minecraft:dark_prismarine":14,"ars_nouveau:green_archwood_log":49,"minecraft:tnt":1,"minecraft:oak_wood":1,"minecraft:arrow":7,"minecraft:soul_lantern":2,"minecraft:hay_block":28,"minecraft:green_wool":2,"minecraft:emerald":1,"minecraft:oak_sapling":16,"minecraft:coal":15,"minecraft:cobblestone":18},"minecraft:killed":{"minecraft:skeleton":4,"minecraft:zombie":2},"minecraft:dropped":{"minecraft:enchanted_book":3,"minecraft:bread":24,"minecraft:tnt":1,"minecraft:dark_oak_sapling":1,"minecraft:soul_lantern":2,"minecraft:spectral_arrow":1,"minecraft:apple":3,"minecraft:stick":2,"minecraft:filled_map":1,"ars_nouveau:red_archwood_log":38,"minecraft:packed_ice":8,"minecraft:spruce_planks":1,"minecraft:oak_wood":1,"minecraft:blue_ice":2,"minecraft:oak_sapling":1,"minecraft:wooden_pickaxe":1,"minecraft:calcite":1,"ars_nouveau:red_archwood_sapling":1,"minecraft:green_wool":2},"minecraft:killed_by":{"minecraft:skeleton":1},"minecraft:crafted":{"minecraft:oak_planks":100,"minecraft:crafting_table":1,"minecraft:wooden_pickaxe":1,"spartanshields:wooden_tower_shield":1,"quark:blackstone_furnace":1,"minecraft:stone_axe":3,"spartanshields:stone_tower_shield":1,"minecraft:bread":81,"minecraft:stick":4,"minecraft:stone_pickaxe":1,"minecraft:torch":60,"minecraft:wheat":243},"minecraft:custom":{"minecraft:interact_with_furnace":2,"minecraft:mob_kills":7,"minecraft:interact_with_crafting_table":7,"minecraft:open_barrel":14,"minecraft:leave_game":1,"minecraft:time_since_death":44983,"minecraft:sleep_in_bed":2,"minecraft:climb_one_cm":947,"minecraft:time_since_rest":26581,"minecraft:sprint_one_cm":186786,"minecraft:damage_taken":1589,"minecraft:walk_one_cm":143448,"minecraft:damage_blocked_by_shield":765,"minecraft:drop":24,"minecraft:damage_dealt":1316,"minecraft:swim_one_cm":12152,"minecraft:fly_one_cm":279972,"minecraft:open_chest":7,"minecraft:crouch_one_cm":6428,"minecraft:play_time":64503,"minecraft:deaths":1,"minecraft:sneak_time":3394,"minecraft:walk_under_water_one_cm":9193,"minecraft:boat_one_cm":119276,"minecraft:jump":1049,"minecraft:walk_on_water_one_cm":17454,"minecraft:total_world_time":64503,"minecraft:fall_one_cm":22921},"minecraft:used":{"minecraft:birch_planks":2,"minecraft:stone_pickaxe":60,"minecraft:baked_potato":2,"minecraft:oak_planks":69,"ars_nouveau:mendosteen_pod":18,"minecraft:wooden_pickaxe":16,"minecraft:iron_sword":4,"minecraft:torch":5,"minecraft:crafting_table":3,"minecraft:white_bed":2,"spartanshields:stone_tower_shield":13,"minecraft:apple":4,"minecraft:bread":22,"minecraft:stone_axe":131,"minecraft:bow":11,"minecraft:hay_block":1,"minecraft:bone_meal":17}},"DataVersion":3465}