{"stats":{"minecraft:dropped":{"ars_nouveau:creative_spell_book":1},"minecraft:used":{"minecraft:barrel":2,"quark:crafter":1},"minecraft:picked_up":{"minecraft:iron_ingot":6,"minecraft:emerald":2,"minecraft:bread":7,"ars_nouveau:creative_spell_book":1},"minecraft:custom":{"minecraft:time_since_rest":23742,"minecraft:open_chest":9,"minecraft:play_time":23742,"minecraft:sprint_one_cm":11774,"minecraft:walk_one_cm":20793,"minecraft:sneak_time":972,"minecraft:walk_under_water_one_cm":304,"minecraft:drop":1,"minecraft:jump":103,"minecraft:interact_with_blast_furnace":1,"minecraft:leave_game":4,"minecraft:time_since_death":23742,"minecraft:walk_on_water_one_cm":60,"minecraft:total_world_time":23742,"minecraft:climb_one_cm":1105,"minecraft:talked_to_villager":1,"minecraft:fall_one_cm":627,"minecraft:fly_one_cm":125454,"minecraft:open_barrel":8}},"DataVersion":3465}