{"stats":{"minecraft:dropped":{"minecraft:bread":24,"minecraft:packed_ice":8,"minecraft:oak_sapling":1,"minecraft:wooden_pickaxe":1,"minecraft:calcite":1,"minecraft:green_wool":2},"minecraft:used":{"minecraft:apple":4,"minecraft:bread":4,"minecraft:stone_pickaxe":32,"minecraft:baked_potato":2,"minecraft:oak_planks":4,"minecraft:wooden_pickaxe":16,"minecraft:stone_axe":54,"minecraft:hay_block":1,"minecraft:crafting_table":2,"minecraft:white_bed":1,"spartanshields:stone_tower_shield":2},"minecraft:crafted":{"minecraft:oak_planks":100,"minecraft:crafting_table":1,"minecraft:stick":4,"minecraft:wooden_pickaxe":1,"spartanshields:wooden_tower_shield":1,"minecraft:stone_pickaxe":1,"quark:blackstone_furnace":1,"minecraft:stone_axe":1,"spartanshields:stone_tower_shield":1,"minecraft:bread":81,"minecraft:wheat":243},"minecraft:picked_up":{"ars_nouveau:red_archwood_log":38,"minecraft:raw_iron":2,"minecraft:stick":22,"minecraft:crafting_table":2,"ars_nouveau:red_archwood_sapling":9,"minecraft:packed_ice":4,"minecraft:oak_log":25,"minecraft:white_bed":2,"minecraft:blackstone":15,"minecraft:apple":4,"minecraft:soul_lantern":1,"minecraft:hay_block":28,"minecraft:green_wool":2,"minecraft:calcite":1,"minecraft:oak_sapling":16,"minecraft:oak_planks":2,"minecraft:coal":15,"minecraft:cobblestone":18},"minecraft:killed":{"minecraft:zombie":1},"minecraft:custom":{"minecraft:time_since_rest":5883,"minecraft:interact_with_furnace":2,"minecraft:sprint_one_cm":87968,"minecraft:damage_taken":555,"minecraft:walk_one_cm":48781,"minecraft:damage_blocked_by_shield":180,"minecraft:mob_kills":1,"minecraft:drop":8,"minecraft:damage_dealt":313,"minecraft:swim_one_cm":6155,"minecraft:interact_with_crafting_table":6,"minecraft:fly_one_cm":154561,"minecraft:open_barrel":7,"minecraft:crouch_one_cm":415,"minecraft:play_time":29213,"minecraft:deaths":1,"minecraft:sneak_time":328,"minecraft:walk_under_water_one_cm":5534,"minecraft:boat_one_cm":22356,"minecraft:jump":560,"minecraft:walk_on_water_one_cm":8710,"minecraft:time_since_death":9693,"minecraft:sleep_in_bed":1,"minecraft:climb_one_cm":7,"minecraft:total_world_time":29213,"minecraft:fall_one_cm":11242},"minecraft:mined":{"minecraft:hay_block":28,"minecraft:white_bed":2,"minecraft:blackstone":15,"minecraft:iron_ore":2,"minecraft:ice":5,"treechop:chopped_log":6,"minecraft:crafting_table":2,"minecraft:grass":1,"minecraft:calcite":1,"minecraft:coal_ore":15,"minecraft:stone":11,"minecraft:oak_planks":3,"minecraft:green_wool":2},"minecraft:killed_by":{"minecraft:skeleton":1}},"DataVersion":3465}