{
  "travelersbackpack:standard_from_custom": {
    "criteria": {
      "has_the_recipe": "2024-11-18 19:40:08 +0000"
    },
    "done": true
  },
  "dungeons_arise:wda_root": {
    "criteria": {
      "WDA": "2024-11-18 19:40:08 +0000"
    },
    "done": true
  },
  "parcool:grant_parcool_guide": {
    "criteria": {
      "tick": "2024-11-18 19:40:08 +0000"
    },
    "done": true
  },
  "ars_nouveau:root": {
    "criteria": {
      "ars_nouveau:worn_notebook": "2024-11-18 19:40:08 +0000"
    },
    "done": true
  },
  "create:root": {
    "criteria": {
      "0": "2024-11-18 19:40:08 +0000"
    },
    "done": true
  },
  "incendium:technical/new_player": {
    "criteria": {
      "requirement": "2024-11-18 19:40:08 +0000"
    },
    "done": true
  },
  "incendium:technical/using/trailblazer": {
    "criteria": {
      "log_spam_fixer": "2024-11-18 19:40:09 +0000"
    },
    "done": false
  },
  "incendium:technical/scroll_of_returning": {
    "criteria": {
      "log_spam_fixer": "2024-11-18 19:40:09 +0000"
    },
    "done": false
  },
  "incendium:technical/using/ragnarok": {
    "criteria": {
      "log_spam_fixer": "2024-11-18 19:40:09 +0000"
    },
    "done": false
  },
  "incendium:technical/using/shield": {
    "criteria": {
      "log_spam_fixer": "2024-11-18 19:40:09 +0000"
    },
    "done": false
  },
  "minecraft:adventure/adventuring_time": {
    "criteria": {
      "minecraft:beach": "2024-11-18 19:53:57 +0000",
      "minecraft:sparse_jungle": "2024-11-18 19:54:08 +0000",
      "minecraft:river": "2024-11-18 19:54:18 +0000",
      "minecraft:jungle": "2024-11-18 19:54:20 +0000"
    },
    "done": false
  },
  "DataVersion": 3465
}